[{"model": "auth.user", "fields": {"password": "pbkdf2_sha256$870000$djwQOflfqbLRaYOuGjZaSU$0z/XbhrHllD7cpFabkkRzEzP81YsTVQbBENEN0c8NsY=", "last_login": "2026-04-06T16:16:38.602Z", "is_superuser": true, "username": "administrator", "first_name": "", "last_name": "", "email": "dneto@comnect.com.br", "is_staff": true, "is_active": true, "date_joined": "2026-03-16T18:21:00.270Z", "groups": [], "user_permissions": []}}, {"model": "auth.user", "fields": {"password": "pbkdf2_sha256$870000$itCxftZ8zcXTbtwHiTw6vv$m2BMpu1/Jq2gVOk984U0rdj6dCk6IDf23cfGr8w4fD0=", "last_login": null, "is_superuser": false, "username": "jogador_1", "first_name": "", "last_name": "", "email": "jogador_1@exemplo.com", "is_staff": false, "is_active": true, "date_joined": "2026-04-02T03:04:49.038Z", "groups": [], "user_permissions": []}}, {"model": "auth.user", "fields": {"password": "pbkdf2_sha256$870000$JZgTZD4DCFSDYShpte8ISF$Uw4gQc9+HobUOLNtiWXOOiCOigvvdCC4rcWwX8MHBwA=", "last_login": null, "is_superuser": false, "username": "jogador_2", "first_name": "", "last_name": "", "email": "jogador_2@exemplo.com", "is_staff": false, "is_active": true, "date_joined": "2026-04-02T03:04:49.536Z", "groups": [], "user_permissions": []}}, {"model": "auth.user", "fields": {"password": "pbkdf2_sha256$870000$J7xZSBK7XCEXDZtQEHOrpW$uaV/zZFRxLk4eguavyP0pEBNPN1F3hUJR5w3ymHmCYo=", "last_login": null, "is_superuser": false, "username": "jogador_3", "first_name": "", "last_name": "", "email": "jogador_3@exemplo.com", "is_staff": false, "is_active": true, "date_joined": "2026-04-02T03:04:50.024Z", "groups": [], "user_permissions": []}}, {"model": "auth.user", "fields": {"password": "pbkdf2_sha256$870000$3f2XKXuYeh4HdD7sGVkv5p$kNeYGa+C37dcX8gttLwenJWGBatK3P5erLgHqF+pFxY=", "last_login": null, "is_superuser": false, "username": "jogador_4", "first_name": "", "last_name": "", "email": "jogador_4@exemplo.com", "is_staff": false, "is_active": true, "date_joined": "2026-04-02T03:04:50.511Z", "groups": [], "user_permissions": []}}, {"model": "auth.user", "fields": {"password": "pbkdf2_sha256$870000$U7Sut7edbH2n4BYoqGKZWh$TLgO9zt2CraKOonAViEo0aCHKA5223RoO1D2+j1FjJg=", "last_login": null, "is_superuser": false, "username": "jogador_5", "first_name": "", "last_name": "", "email": "jogador_5@exemplo.com", "is_staff": false, "is_active": true, "date_joined": "2026-04-02T03:04:50.982Z", "groups": [], "user_permissions": []}}, {"model": "auth.user", "fields": {"password": "pbkdf2_sha256$870000$mgq7x48osQGCK1aLFv0uIh$BOL4qcPZv6LQ3jw+v9M5IHyHPBCfKsowuoHZNrdDnSc=", "last_login": null, "is_superuser": false, "username": "jogador_6", "first_name": "", "last_name": "", "email": "jogador_6@exemplo.com", "is_staff": false, "is_active": true, "date_joined": "2026-04-02T03:04:51.463Z", "groups": [], "user_permissions": []}}, {"model": "auth.user", "fields": {"password": "pbkdf2_sha256$870000$EzoKDPcE8LagfOszPrPYMD$7NxlJwb46JFPgKLMb+pIVBIq4xcVt63soYXf7yP2lkg=", "last_login": null, "is_superuser": false, "username": "jogador_7", "first_name": "", "last_name": "", "email": "jogador_7@exemplo.com", "is_staff": false, "is_active": true, "date_joined": "2026-04-02T03:04:51.950Z", "groups": [], "user_permissions": []}}, {"model": "auth.user", "fields": {"password": "pbkdf2_sha256$870000$N2mvPD65zkbNSkTu6PX7iB$xFYZWyXpTEF+bkCp4/1OfvMyQvaNe8LAG987p37e6h8=", "last_login": null, "is_superuser": false, "username": "jogador_8", "first_name": "", "last_name": "", "email": "jogador_8@exemplo.com", "is_staff": false, "is_active": true, "date_joined": "2026-04-02T03:04:52.437Z", "groups": [], "user_permissions": []}}, {"model": "auth.user", "fields": {"password": "pbkdf2_sha256$870000$s251oFD98t8Lo2YVsjO5Pu$KSI4jWsDHPfP9pX0jBkZR46xXx97Popx6cxfNwnX7RU=", "last_login": null, "is_superuser": false, "username": "jogador_9", "first_name": "", "last_name": "", "email": "jogador_9@exemplo.com", "is_staff": false, "is_active": true, "date_joined": "2026-04-02T03:04:52.916Z", "groups": [], "user_permissions": []}}, {"model": "auth.user", "fields": {"password": "pbkdf2_sha256$870000$RugpfNKgSqBI75hCvzMyv3$9Q+JUoMz84hVFh/qcX6Iz3xxgpctvEWHEBUTN1U8yoU=", "last_login": null, "is_superuser": false, "username": "jogador_10", "first_name": "", "last_name": "", "email": "jogador_10@exemplo.com", "is_staff": false, "is_active": true, "date_joined": "2026-04-02T03:04:53.421Z", "groups": [], "user_permissions": []}}, {"model": "sessions.session", "pk": "1ckp85rke7zt3qskpmchvwy8riyc911y", "fields": {"session_data": ".eJxVjDsOwjAQBe_iGln-rT-U9JzB8nptHECOFCcV4u4QKQW0b2bei8W0rS1uoyxxInZmkp1-N0z5UfoO6J76beZ57usyId8VftDBrzOV5-Vw_w5aGu1bi5ChGumEJdSFqgJKJqB2KNEDISSpLepgoQjhClANwShjSdnqPXj2_gDjnDeF:1w4Ks9:r_2MhoIQXg_5nt7tddrxjRfChVBSiJIkcUQrrGH7TVY", "expire_date": "2026-03-22T23:37:49.072Z"}}, {"model": "sessions.session", "pk": "3eez5kpnfv2sy2tn5p7oopbnej46vo9s", "fields": {"session_data": ".eJxVjDsOwjAQBe_iGln-rT-U9JzB8nptHECOFCcV4u4QKQW0b2bei8W0rS1uoyxxInZmkp1-N0z5UfoO6J76beZ57usyId8VftDBrzOV5-Vw_w5aGu1bi5ChGumEJdSFqgJKJqB2KNEDISSpLepgoQjhClANwShjSdnqPXj2_gDjnDeF:1w5RtI:vkXYzqxvMzzDI_5JpgUoRGh_xis9J6uIMJOVqIE1Ka8", "expire_date": "2026-03-26T01:19:36.951Z"}}, {"model": "sessions.session", "pk": "4a9oquz78gzejt3gvpf5ijqp3ooqz0jg", "fields": {"session_data": ".eJxVjDsOwjAQBe_iGlm25S8lPWew1rtrHECOFCcV4u4QKQW0b2beS2TY1pa3wUueSJyFFqffrQA-uO-A7tBvs8S5r8tU5K7Igw55nYmfl8P9O2gw2rdGNJZ8AHbgoJjErkJIxcfgPYeAVJWKFimyKcrqwpycpaRrSkaBRfH-AAJDOHQ:1w7hzn:YENNMqWo0BLioUo4qQZ7HCTSkKgBiwk4k5qWYfSkL7k", "expire_date": "2026-04-01T06:55:39.030Z"}}, {"model": "sessions.session", "pk": "4ng47zku0i5c6twdi2987palokpp86fj", "fields": {"session_data": ".eJxVjDsOwjAQBe_iGlm25S8lPWew1rtrHECOFCcV4u4QKQW0b2beS2TY1pa3wUueSJyFFqffrQA-uO-A7tBvs8S5r8tU5K7Igw55nYmfl8P9O2gw2rdGNJZ8AHbgoJjErkJIxcfgPYeAVJWKFimyKcrqwpycpaRrSkaBRfH-AAJDOHQ:1w9OHy:9R_C8W52KNEHNiOrwIncFSdNGV0KzxHxgZYY1WvOTb4", "expire_date": "2026-04-05T22:17:22.504Z"}}, {"model": "sessions.session", "pk": "6c1tv1htiz8j0tg6jvwa2xs81zuwos08", "fields": {"session_data": ".eJxVjDsOwjAQBe_iGln-rT-U9JzB8nptHECOFCcV4u4QKQW0b2bei8W0rS1uoyxxInZmkp1-N0z5UfoO6J76beZ57usyId8VftDBrzOV5-Vw_w5aGu1bi5ChGumEJdSFqgJKJqB2KNEDISSpLepgoQjhClANwShjSdnqPXj2_gDjnDeF:1w2ZiW:1f5Tc2jnB48ra66P-Mp6pbRqfdKoeZwsIESNYh3QhOQ", "expire_date": "2026-03-18T03:04:36.137Z"}}, {"model": "sessions.session", "pk": "6nikrz06q3fjxzz60aph1pi89wp9dnv3", "fields": {"session_data": ".eJxVjDsOwjAQBe_iGln-rT-U9JzB8nptHECOFCcV4u4QKQW0b2bei8W0rS1uoyxxInZmkp1-N0z5UfoO6J76beZ57usyId8VftDBrzOV5-Vw_w5aGu1bi5ChGumEJdSFqgJKJqB2KNEDISSpLepgoQjhClANwShjSdnqPXj2_gDjnDeF:1w68Jk:OrdEmZHEBAhw5MPnro1gj6_A5H44AQbnZzNFM4xCgTA", "expire_date": "2026-03-27T22:37:44.151Z"}}, {"model": "sessions.session", "pk": "6ydb0pv49t5qhvgm903jcshcerneklr7", "fields": {"session_data": ".eJxVjDsOwjAQBe_iGlm25S8lPWew1rtrHECOFCcV4u4QKQW0b2beS2TY1pa3wUueSJyFFqffrQA-uO-A7tBvs8S5r8tU5K7Igw55nYmfl8P9O2gw2rdGNJZ8AHbgoJjErkJIxcfgPYeAVJWKFimyKcrqwpycpaRrSkaBRfH-AAJDOHQ:1w8lmU:8reKGcO88H103mMN8lrpuZuAYwUkMhMr2b2d6N34Sok", "expire_date": "2026-04-04T05:10:18.419Z"}}, {"model": "sessions.session", "pk": "7s41bs55gnninov1b1k4kqy056ethms4", "fields": {"session_data": ".eJxVjDsOwjAQBe_iGln-rT-U9JzB8nptHECOFCcV4u4QKQW0b2bei8W0rS1uoyxxInZmkp1-N0z5UfoO6J76beZ57usyId8VftDBrzOV5-Vw_w5aGu1bi5ChGumEJdSFqgJKJqB2KNEDISSpLepgoQjhClANwShjSdnqPXj2_gDjnDeF:1w2D3D:MbULgud35dSqZUnJGSKH6J0ghiIue-Wa5mmNdvvQn5A", "expire_date": "2026-03-17T02:52:27.505Z"}}, {"model": "sessions.session", "pk": "86uo4dgqbbbkjcyr7xbroaocj8yr2e5u", "fields": {"session_data": ".eJxVjDsOwjAQBe_iGlm25S8lPWew1rtrHECOFCcV4u4QKQW0b2beS2TY1pa3wUueSJyFFqffrQA-uO-A7tBvs8S5r8tU5K7Igw55nYmfl8P9O2gw2rdGNJZ8AHbgoJjErkJIxcfgPYeAVJWKFimyKcrqwpycpaRrSkaBRfH-AAJDOHQ:1w7Nyq:CaUfgIRIuoHHJUdZDPyre8Sqt8KdqIxq9HESrP1G5BI", "expire_date": "2026-03-31T09:33:20.965Z"}}, {"model": "sessions.session", "pk": "8gpea1c43fzqesg7vk3fh5lej808v9tc", "fields": {"session_data": ".eJxVjDsOwjAQBe_iGln-rT-U9JzB8nptHECOFCcV4u4QKQW0b2bei8W0rS1uoyxxInZmkp1-N0z5UfoO6J76beZ57usyId8VftDBrzOV5-Vw_w5aGu1bi5ChGumEJdSFqgJKJqB2KNEDISSpLepgoQjhClANwShjSdnqPXj2_gDjnDeF:1w3Els:QmCKOStWngfXsSEll3etk1b2RkonUXu_YJGV-fBJZVM", "expire_date": "2026-03-19T22:54:48.853Z"}}, {"model": "sessions.session", "pk": "fnkmqqh3jvq8y8i0l1c1qmz45rldubal", "fields": {"session_data": ".eJxVjMsKwjAQAP9lzxKSkGeP3v2Gstndmqqk0LQn8d-l0INeZ4Z5w4j7Vse9yzrODAMYuPyygvSUdgh-YLsvipa2rXNRR6JO29VtYXldz_ZvULFXGIDIOg4RxaPHYrP4CWMuIcUQJEbiSevkiJPYop0pItk7zmbK2Wp0BJ8vAkM4dA:1w71qm:TZGgyUA3GW4Y_Wyw-O50c-HSMynuwAXMEMJ5rvqcGaw", "expire_date": "2026-03-30T09:55:32.301Z"}}, {"model": "sessions.session", "pk": "gbzdk9u4yef86rri4fvd0vm5yvbmw7m8", "fields": {"session_data": ".eJxVjDsOwjAQBe_iGln-rT-U9JzB8nptHECOFCcV4u4QKQW0b2bei8W0rS1uoyxxInZmkp1-N0z5UfoO6J76beZ57usyId8VftDBrzOV5-Vw_w5aGu1bi5ChGumEJdSFqgJKJqB2KNEDISSpLepgoQjhClANwShjSdnqPXj2_gDjnDeF:1w5lch:m_0AroN1vBa9zxiqoiDcnUUveQZWfPxiRHLRWT5YRxY", "expire_date": "2026-03-26T22:23:47.057Z"}}, {"model": "sessions.session", "pk": "gf1p4cn3ribisjerhiluvzupbrsba09w", "fields": {"session_data": ".eJxVjDsOwjAQBe_iGln-rT-U9JzB8nptHECOFCcV4u4QKQW0b2bei8W0rS1uoyxxInZmkp1-N0z5UfoO6J76beZ57usyId8VftDBrzOV5-Vw_w5aGu1bi5ChGumEJdSFqgJKJqB2KNEDISSpLepgoQjhClANwShjSdnqPXj2_gDjnDeF:1w9mcw:Mk9qDJOO9J8JACo_08spWaNhyFQKJlCRUuLtptCa-f0", "expire_date": "2026-04-07T00:16:38.606Z"}}, {"model": "sessions.session", "pk": "j2xrvw7wim92x69ktggbwa6trokkfc2v", "fields": {"session_data": ".eJxVjDsOwjAQBe_iGln-rT-U9JzB8nptHECOFCcV4u4QKQW0b2bei8W0rS1uoyxxInZmkp1-N0z5UfoO6J76beZ57usyId8VftDBrzOV5-Vw_w5aGu1bi5ChGumEJdSFqgJKJqB2KNEDISSpLepgoQjhClANwShjSdnqPXj2_gDjnDeF:1w40To:wW0n8Qu47mCx3H1oeoSxaDT7BmfOqi3xsmoC7uZIY7E", "expire_date": "2026-03-22T01:51:20.046Z"}}, {"model": "sessions.session", "pk": "p5jlvrki1mmy251iq3w1lj2cp6oobhsf", "fields": {"session_data": ".eJxVjDsOwjAQBe_iGlm25S8lPWew1rtrHECOFCcV4u4QKQW0b2beS2TY1pa3wUueSJyFFqffrQA-uO-A7tBvs8S5r8tU5K7Igw55nYmfl8P9O2gw2rdGNJZ8AHbgoJjErkJIxcfgPYeAVJWKFimyKcrqwpycpaRrSkaBRfH-AAJDOHQ:1w9Zz4:APs8IePgqwPvTY0H2Yx1L6XzUNezpCcILcrkzLzzpUA", "expire_date": "2026-04-06T10:46:38.189Z"}}, {"model": "sessions.session", "pk": "pjt34e3ce56plbx6u2h7jaou7feydd20", "fields": {"session_data": ".eJxVjDsOwjAQBe_iGlm25S8lPWew1rtrHECOFCcV4u4QKQW0b2beS2TY1pa3wUueSJyFFqffrQA-uO-A7tBvs8S5r8tU5K7Igw55nYmfl8P9O2gw2rdGNJZ8AHbgoJjErkJIxcfgPYeAVJWKFimyKcrqwpycpaRrSkaBRfH-AAJDOHQ:1w8XUg:Ro-7QVVLOWAEAC4hVft2hau4T5VhQ0KYHV1_b-PYgbA", "expire_date": "2026-04-03T13:54:58.756Z"}}, {"model": "sessions.session", "pk": "rg7od6cz8ztliqupo925zj9dar8kj0mi", "fields": {"session_data": ".eJxVjDsOwjAQBe_iGlm25S8lPWew1rtrHECOFCcV4u4QKQW0b2beS2TY1pa3wUueSJyFFqffrQA-uO-A7tBvs8S5r8tU5K7Igw55nYmfl8P9O2gw2rdGNJZ8AHbgoJjErkJIxcfgPYeAVJWKFimyKcrqwpycpaRrSkaBRfH-AAJDOHQ:1w8qlf:QXBioRMJ-XeK5AoUFpyqVnwcVG7lEUIDtolRgnkrB98", "expire_date": "2026-04-04T10:29:47.155Z"}}, {"model": "sessions.session", "pk": "rga677h0fczij8db3cwncdv4i3ehkgzh", "fields": {"session_data": ".eJxVjDsOwjAQBe_iGlm25S8lPWew1rtrHECOFCcV4u4QKQW0b2beS2TY1pa3wUueSJyFFqffrQA-uO-A7tBvs8S5r8tU5K7Igw55nYmfl8P9O2gw2rdGNJZ8AHbgoJjErkJIxcfgPYeAVJWKFimyKcrqwpycpaRrSkaBRfH-AAJDOHQ:1w88b9:8um_q7Gio80I-i3w37g3sgr8G7NMAz4eU3cGwckOOhw", "expire_date": "2026-04-02T11:19:59.933Z"}}, {"model": "sessions.session", "pk": "t3q6w1v86c8ioeabwkoqe92nic7yqzv7", "fields": {"session_data": ".eJxVjDsOwjAQBe_iGln-rT-U9JzB8nptHECOFCcV4u4QKQW0b2bei8W0rS1uoyxxInZmkp1-N0z5UfoO6J76beZ57usyId8VftDBrzOV5-Vw_w5aGu1bi5ChGumEJdSFqgJKJqB2KNEDISSpLepgoQjhClANwShjSdnqPXj2_gDjnDeF:1w2wWX:X2Gc05e-H5HAsS8uhX-Z69IO1s87Gh2__0gVvLCRkck", "expire_date": "2026-03-19T03:25:45.592Z"}}, {"model": "sessions.session", "pk": "utd41rl8eoapt1b9qh8r6qkw95q5l8p8", "fields": {"session_data": ".eJxVjDsOwjAQBe_iGlm25S8lPWew1rtrHECOFCcV4u4QKQW0b2beS2TY1pa3wUueSJyFFqffrQA-uO-A7tBvs8S5r8tU5K7Igw55nYmfl8P9O2gw2rdGNJZ8AHbgoJjErkJIxcfgPYeAVJWKFimyKcrqwpycpaRrSkaBRfH-AAJDOHQ:1w9FOx:OVK2O81u2d6R__m44Os9HDVg9t0DUxUAAo77I3pi_qs", "expire_date": "2026-04-05T12:47:59.909Z"}}, {"model": "sessions.session", "pk": "vfwd4nlrme332a52582ay6oipn4sd8cy", "fields": {"session_data": ".eJxVjDsOwjAQBe_iGln-rT-U9JzB8nptHECOFCcV4u4QKQW0b2bei8W0rS1uoyxxInZmkp1-N0z5UfoO6J76beZ57usyId8VftDBrzOV5-Vw_w5aGu1bi5ChGumEJdSFqgJKJqB2KNEDISSpLepgoQjhClANwShjSdnqPXj2_gDjnDeF:1w2EpZ:IrIKIQMgpaL45-4JgpnfBoU_e6vMWllz9o8ewQdGNWQ", "expire_date": "2026-03-17T04:46:29.996Z"}}, {"model": "sessions.session", "pk": "vjd25zwnfeyamodz8teq93iuoa4826mz", "fields": {"session_data": ".eJxVjDsOwjAQBe_iGln-rT-U9JzB8nptHECOFCcV4u4QKQW0b2bei8W0rS1uoyxxInZmkp1-N0z5UfoO6J76beZ57usyId8VftDBrzOV5-Vw_w5aGu1bi5ChGumEJdSFqgJKJqB2KNEDISSpLepgoQjhClANwShjSdnqPXj2_gDjnDeF:1w52m3:uXYDkedg-6tLRpx9P3dQxPu3opFnvy6NMgUSqBtgeIU", "expire_date": "2026-03-24T22:30:27.643Z"}}, {"model": "core.adminpost", "pk": 1, "fields": {"titulo": "Guardians Changelog V2.0", "conteudo": "Ol├í Guardi├╡es!\r\n\r\nEste ├⌐ um post de teste para avaliarmos a funcionalidade do mural.", "tipo": "aviso", "autor": ["administrator"], "fixado": true, "publicado": true, "criado_em": "2026-03-16T20:00:23.256Z", "atualizado_em": "2026-03-16T20:00:23.256Z"}}, {"model": "profiles.player", "pk": 1, "fields": {"user": ["administrator"], "display_name": "ADEYEMI", "avatar": "", "classe": "none", "bio": ".", "xp_total": 0, "level": 1, "coins": 3534, "streak_days": 0, "last_play_date": null, "classe_trocada_em": null, "created_at": "2026-03-22T15:16:45.787Z", "updated_at": "2026-04-06T16:20:36.112Z", "ofensiva": 0, "last_challenge_date": null}}, {"model": "profiles.perk", "pk": 1, "fields": {"classe": "guardian", "tipo": "xp_quiz", "nome": "Instinto Investigativo", "descricao": "B├┤nus de XP em desafios de Quiz.", "valor": 8.0, "level_required": 1, "ativo": true}}, {"model": "profiles.perk", "pk": 2, "fields": {"classe": "guardian", "tipo": "coin_bonus", "nome": "Tesouro do Guardi├úo", "descricao": "B├┤nus de moedas em todas as recompensas.", "valor": 8.0, "level_required": 5, "ativo": true}}, {"model": "profiles.perk", "pk": 5, "fields": {"classe": "guardian", "tipo": "xp_quiz", "nome": "Interrogat├│rio Preciso", "descricao": "B├┤nus de XP em Quiz avan├ºado.", "valor": 17.0, "level_required": 30, "ativo": true}}, {"model": "profiles.perk", "pk": 6, "fields": {"classe": "guardian", "tipo": "coin_bonus", "nome": "Cofre do Guardi├úo", "descricao": "B├┤nus de moedas ampliado.", "valor": 18.0, "level_required": 40, "ativo": true}}, {"model": "profiles.perk", "pk": 8, "fields": {"classe": "analyst", "tipo": "xp_decriptar", "nome": "Olhar Cifrado", "descricao": "B├┤nus de XP em desafios de Decriptar.", "valor": 8.0, "level_required": 1, "ativo": true}}, {"model": "profiles.perk", "pk": 10, "fields": {"classe": "analyst", "tipo": "global_xp_pct", "nome": "Mente Estrat├⌐gica", "descricao": "B├┤nus de XP global.", "valor": 5.0, "level_required": 10, "ativo": true}}, {"model": "profiles.perk", "pk": 11, "fields": {"classe": "analyst", "tipo": "xp_decriptar", "nome": "Quebra de Padr├úo", "descricao": "B├┤nus de XP em Decriptar ampliado.", "valor": 15.0, "level_required": 20, "ativo": true}}, {"model": "profiles.perk", "pk": 12, "fields": {"classe": "analyst", "tipo": "coin_bonus", "nome": "Analista S├¬nior", "descricao": "B├┤nus de moedas por desempenho.", "valor": 10.0, "level_required": 30, "ativo": true}}, {"model": "profiles.perk", "pk": 14, "fields": {"classe": "analyst", "tipo": "xp_decriptar", "nome": "Analista Supremo", "descricao": "B├┤nus m├íximo de XP em Decriptar.", "valor": 22.0, "level_required": 50, "ativo": true}}, {"model": "profiles.perk", "pk": 15, "fields": {"classe": "sentinel", "tipo": "xp_password", "nome": "Cofre Identificado", "descricao": "B├┤nus de XP no Cofre de Senhas.", "valor": 8.0, "level_required": 1, "ativo": true}}, {"model": "profiles.perk", "pk": 16, "fields": {"classe": "sentinel", "tipo": "coin_bonus", "nome": "Disciplina de Campo", "descricao": "B├┤nus de moedas em todas as recompensas.", "valor": 7.0, "level_required": 5, "ativo": true}}, {"model": "profiles.perk", "pk": 18, "fields": {"classe": "sentinel", "tipo": "xp_password", "nome": "Acesso Negado", "descricao": "B├┤nus de XP no Cofre de Senhas ampliado.", "valor": 16.0, "level_required": 20, "ativo": true}}, {"model": "profiles.perk", "pk": 19, "fields": {"classe": "sentinel", "tipo": "global_xp_pct", "nome": "Patrulha Global", "descricao": "B├┤nus de XP global.", "valor": 8.0, "level_required": 30, "ativo": true}}, {"model": "profiles.perk", "pk": 21, "fields": {"classe": "sentinel", "tipo": "xp_password", "nome": "Mestre das Senhas", "descricao": "B├┤nus m├íximo de XP no Cofre de Senhas.", "valor": 22.0, "level_required": 50, "ativo": true}}, {"model": "profiles.perk", "pk": 22, "fields": {"classe": "hacker", "tipo": "global_xp_pct", "nome": "Acesso Root", "descricao": "B├┤nus de XP global.", "valor": 7.0, "level_required": 1, "ativo": true}}, {"model": "profiles.perk", "pk": 23, "fields": {"classe": "hacker", "tipo": "xp_codigo", "nome": "Inje├º├úo de C├│digo", "descricao": "B├┤nus de XP em desafios de C├│digo.", "valor": 10.0, "level_required": 5, "ativo": true}}, {"model": "profiles.perk", "pk": 24, "fields": {"classe": "hacker", "tipo": "coin_bonus", "nome": "Black Market", "descricao": "B├┤nus de moedas em todas as recompensas.", "valor": 8.0, "level_required": 10, "ativo": true}}, {"model": "profiles.perk", "pk": 25, "fields": {"classe": "hacker", "tipo": "xp_codigo", "nome": "Execu├º├úo Direta", "descricao": "B├┤nus de XP em C├│digo ampliado.", "valor": 14.0, "level_required": 20, "ativo": true}}, {"model": "profiles.perk", "pk": 26, "fields": {"classe": "hacker", "tipo": "xp_codigo", "nome": "Explora├º├úo de Kernel", "descricao": "B├┤nus de XP em C├│digo avan├ºado.", "valor": 18.0, "level_required": 30, "ativo": true}}, {"model": "profiles.perk", "pk": 27, "fields": {"classe": "hacker", "tipo": "coin_bonus", "nome": "Mercado Paralelo", "descricao": "B├┤nus de moedas ampliado.", "valor": 15.0, "level_required": 40, "ativo": true}}, {"model": "profiles.perk", "pk": 28, "fields": {"classe": "hacker", "tipo": "xp_codigo", "nome": "God Mode", "descricao": "B├┤nus m├íximo de XP em C├│digo.", "valor": 22.0, "level_required": 50, "ativo": true}}, {"model": "profiles.perk", "pk": 29, "fields": {"classe": "guardian", "tipo": "global_xp_pct", "nome": "Vigil├óncia Ampliada", "descricao": "B├┤nus de XP global.", "valor": 5.0, "level_required": 10, "ativo": true}}, {"model": "profiles.perk", "pk": 30, "fields": {"classe": "guardian", "tipo": "xp_quiz", "nome": "An├ílise Cr├¡tica", "descricao": "B├┤nus de XP em Quiz potencializado.", "valor": 14.0, "level_required": 20, "ativo": true}}, {"model": "profiles.perk", "pk": 31, "fields": {"classe": "guardian", "tipo": "xp_quiz", "nome": "Guardi├úo do Conhecimento", "descricao": "B├┤nus m├íximo de XP em Quiz.", "valor": 22.0, "level_required": 50, "ativo": true}}, {"model": "profiles.perk", "pk": 32, "fields": {"classe": "analyst", "tipo": "xp_decriptar", "nome": "Decodificador Iniciante", "descricao": "B├┤nus inicial de XP em Decriptar.", "valor": 10.0, "level_required": 5, "ativo": true}}, {"model": "profiles.perk", "pk": 33, "fields": {"classe": "analyst", "tipo": "global_xp_pct", "nome": "Mente Expandida", "descricao": "B├┤nus de XP global ampliado.", "valor": 8.0, "level_required": 40, "ativo": true}}, {"model": "profiles.perk", "pk": 34, "fields": {"classe": "sentinel", "tipo": "xp_password", "nome": "Bloqueio For├ºado", "descricao": "B├┤nus de XP no Cofre de Senhas potencializado.", "valor": 12.0, "level_required": 10, "ativo": true}}, {"model": "profiles.perk", "pk": 35, "fields": {"classe": "sentinel", "tipo": "coin_bonus", "nome": "Reserva T├ítica", "descricao": "B├┤nus de moedas ampliado.", "valor": 15.0, "level_required": 40, "ativo": true}}, {"model": "profiles.playernotification", "pk": 577, "fields": {"player": ["administrator"], "tipo": "conquista", "titulo": "CONQUISTA ΓÇö Primeiro Investimento", "mensagem": "Toda vantagem come├ºa com uma escolha.", "icone": "bi-trophy-fill", "lida": true, "criado_em": "2026-04-06T03:05:51.493Z"}}, {"model": "profiles.playernotification", "pk": 578, "fields": {"player": ["administrator"], "tipo": "conquista", "titulo": "CONQUISTA ΓÇö Otimiza├º├úo Inicial", "mensagem": "Efici├¬ncia n├úo ├⌐ sorte. ├ë ac├║mulo.", "icone": "bi-trophy-fill", "lida": true, "criado_em": "2026-04-06T03:05:55.472Z"}}, {"model": "profiles.classeconfig", "pk": 1, "fields": {"custo_primeira_classe": 0, "custo_troca_coins": 500}}, {"model": "profiles.ofensivaconfig", "pk": 1, "fields": {"dias_tolerancia": 3, "teto_bonus_ofensiva": 10, "ativo": true}}, {"model": "profiles.achievementconfig", "pk": 1, "fields": {"max_destaques": 3}}, {"model": "profiles.achievement", "pk": 1, "fields": {"code": "QUIZ_COUNT_1", "nome": "Primeira Valida├º├úo", "descricao": "Voc├¬ respondeu. O sistema escutou.", "imagem": "img/conquistas/batismo-de-fogo.png", "raridade": "comum", "trigger_type": "quiz_count", "trigger_value": 1, "bonus_type": "quiz_xp_pct", "bonus_value": 1.0, "ativo": true, "ordem": 100}}, {"model": "profiles.achievement", "pk": 2, "fields": {"code": "QUIZ_COUNT_2", "nome": "Linha de Racioc├¡nio", "descricao": "A repeti├º├úo transformou tentativa em m├⌐todo.", "imagem": "img/conquistas/tiro-certo.png", "raridade": "comum", "trigger_type": "quiz_count", "trigger_value": 6, "bonus_type": "quiz_xp_pct", "bonus_value": 2.0, "ativo": true, "ordem": 101}}, {"model": "profiles.achievement", "pk": 3, "fields": {"code": "QUIZ_COUNT_3", "nome": "Consist├¬ncia Anal├¡tica", "descricao": "Erros diminuem quando o padr├úo se consolida.", "imagem": "img/conquistas/o-letrado.png", "raridade": "rara", "trigger_type": "quiz_count", "trigger_value": 15, "bonus_type": "quiz_xp_pct", "bonus_value": 2.0, "ativo": true, "ordem": 202}}, {"model": "profiles.achievement", "pk": 4, "fields": {"code": "QUIZ_COUNT_4", "nome": "Operador Cognitivo", "descricao": "Voc├¬ processa informa├º├úo como o pr├│prio sistema.", "imagem": "img/conquistas/expert.png", "raridade": "rara", "trigger_type": "quiz_count", "trigger_value": 30, "bonus_type": "quiz_xp_pct", "bonus_value": 3.0, "ativo": true, "ordem": 203}}, {"model": "profiles.achievement", "pk": 5, "fields": {"code": "QUIZ_COUNT_5", "nome": "Arquitetura Mental", "descricao": "Conhecimento deixou de ser adquirido ΓÇö passou a ser produzido.", "imagem": "img/conquistas/codinome-vaz.png", "raridade": "epica", "trigger_type": "quiz_count", "trigger_value": 39, "bonus_type": "quiz_xp_pct", "bonus_value": 4.0, "ativo": true, "ordem": 304}}, {"model": "profiles.achievement", "pk": 6, "fields": {"code": "QUIZ_PERFECT_1", "nome": "Resposta Exata", "descricao": "Sem margem para erro. Sem necessidade de.", "imagem": "img/conquistas/tiro-certo.png", "raridade": "rara", "trigger_type": "quiz_perfect", "trigger_value": 3, "bonus_type": "quiz_xp_pct", "bonus_value": 2.0, "ativo": true, "ordem": 205}}, {"model": "profiles.achievement", "pk": 7, "fields": {"code": "QUIZ_PERFECT_2", "nome": "Precis├úo Cir├║rgica", "descricao": "Acertar uma vez pode ser sorte. Cinco vezes ├⌐ m├⌐todo.", "imagem": "img/conquistas/expert.png", "raridade": "epica", "trigger_type": "quiz_perfect", "trigger_value": 5, "bonus_type": "quiz_xp_pct", "bonus_value": 4.0, "ativo": true, "ordem": 306}}, {"model": "profiles.achievement", "pk": 8, "fields": {"code": "QUIZ_PERFECT_3", "nome": "Protocolo Sem Falhas", "descricao": "O sistema n├úo encontrou brechas. Voc├¬ tamb├⌐m n├úo.", "imagem": "img/conquistas/guardiao-supremo.png", "raridade": "lendaria", "trigger_type": "quiz_perfect", "trigger_value": 15, "bonus_type": "quiz_xp_pct", "bonus_value": 5.0, "ativo": true, "ordem": 407}}, {"model": "profiles.achievement", "pk": 9, "fields": {"code": "MINIGAME_1", "nome": "Primeiro Protocolo", "descricao": "Voc├¬ aceitou o desafio fora da teoria.", "imagem": "img/conquistas/fagulha.png", "raridade": "comum", "trigger_type": "minigame_count", "trigger_value": 4, "bonus_type": "minigame_xp_pct", "bonus_value": 3.0, "ativo": true, "ordem": 108}}, {"model": "profiles.achievement", "pk": 10, "fields": {"code": "MINIGAME_2", "nome": "Decodificador Iniciante", "descricao": "Padr├╡es come├ºam a ceder sob press├úo repetida.", "imagem": "img/conquistas/fagulha-persistente.png", "raridade": "comum", "trigger_type": "minigame_count", "trigger_value": 10, "bonus_type": "anagram_xp_pct", "bonus_value": 2.0, "ativo": true, "ordem": 109}}, {"model": "profiles.achievement", "pk": 11, "fields": {"code": "MINIGAME_3", "nome": "Quebrador de Estruturas", "descricao": "Sistemas fechados n├úo permanecem fechados por muito tempo.", "imagem": "img/conquistas/ferro-e-fogo.png", "raridade": "rara", "trigger_type": "minigame_count", "trigger_value": 25, "bonus_type": "pw_xp_pct", "bonus_value": 4.0, "ativo": true, "ordem": 210}}, {"model": "profiles.achievement", "pk": 12, "fields": {"code": "MINIGAME_4", "nome": "Operador de Campo", "descricao": "Execu├º├úo eficiente supera tentativa bruta.", "imagem": "img/conquistas/forja-de-guerra.png", "raridade": "rara", "trigger_type": "minigame_count", "trigger_value": 45, "bonus_type": "termo_xp_pct", "bonus_value": 4.0, "ativo": true, "ordem": 211}}, {"model": "profiles.achievement", "pk": 13, "fields": {"code": "MINIGAME_5", "nome": "Especialista em Ruptura", "descricao": "Nenhuma cifra resiste ├á insist├¬ncia correta.", "imagem": "img/conquistas/em-chamas.png", "raridade": "epica", "trigger_type": "minigame_count", "trigger_value": 65, "bonus_type": "anagram_xp_pct", "bonus_value": 5.0, "ativo": true, "ordem": 312}}, {"model": "profiles.achievement", "pk": 14, "fields": {"code": "DECRIPTAR_1", "nome": "Primeiro C├│digo Quebrado", "descricao": "Letras embaralhadas revelam sua ordem natural a quem insiste.", "imagem": "img/conquistas/fagulha.png", "raridade": "comum", "trigger_type": "decriptar_count", "trigger_value": 1, "bonus_type": "anagram_xp_pct", "bonus_value": 1.0, "ativo": true, "ordem": 113}}, {"model": "profiles.achievement", "pk": 15, "fields": {"code": "DECRIPTAR_2", "nome": "Decifrador em Forma├º├úo", "descricao": "O caos de dados come├ºa a fazer sentido.", "imagem": "img/conquistas/fagulha-persistente.png", "raridade": "rara", "trigger_type": "decriptar_count", "trigger_value": 10, "bonus_type": "anagram_xp_pct", "bonus_value": 3.0, "ativo": true, "ordem": 214}}, {"model": "profiles.achievement", "pk": 16, "fields": {"code": "DECRIPTAR_3", "nome": "Mestre Decifrador", "descricao": "Voc├¬ l├¬ o ru├¡do como se fosse linguagem.", "imagem": "img/conquistas/em-chamas.png", "raridade": "epica", "trigger_type": "decriptar_count", "trigger_value": 30, "bonus_type": "anagram_xp_pct", "bonus_value": 5.0, "ativo": true, "ordem": 315}}, {"model": "profiles.achievement", "pk": 17, "fields": {"code": "CODIGO_1", "nome": "Primeira Sequ├¬ncia", "descricao": "A palavra estava l├í. Voc├¬ a encontrou.", "imagem": "img/conquistas/fagulha.png", "raridade": "comum", "trigger_type": "codigo_count", "trigger_value": 1, "bonus_type": "termo_xp_pct", "bonus_value": 2.0, "ativo": true, "ordem": 116}}, {"model": "profiles.achievement", "pk": 18, "fields": {"code": "CODIGO_2", "nome": "Analista de Padr├╡es", "descricao": "Verde, amarelo, cinza ΓÇö uma gram├ítica que voc├¬ aprendeu a ler.", "imagem": "img/conquistas/tiro-certo.png", "raridade": "rara", "trigger_type": "codigo_count", "trigger_value": 10, "bonus_type": "termo_xp_pct", "bonus_value": 4.0, "ativo": true, "ordem": 217}}, {"model": "profiles.achievement", "pk": 19, "fields": {"code": "CODIGO_3", "nome": "Cript├│grafo", "descricao": "Palavras nunca mais ser├úo apenas palavras.", "imagem": "img/conquistas/codinome-vaz.png", "raridade": "epica", "trigger_type": "codigo_count", "trigger_value": 30, "bonus_type": "termo_xp_pct", "bonus_value": 5.0, "ativo": true, "ordem": 318}}, {"model": "profiles.achievement", "pk": 20, "fields": {"code": "PATROL_1", "nome": "Terceira Ronda", "descricao": "Voc├¬ saiu do n├║cleo e tocou o per├¡metro.", "imagem": "img/conquistas/ca├ºador-de-phish.png", "raridade": "comum", "trigger_type": "patrol_count", "trigger_value": 3, "bonus_type": "patrol_xp_pct", "bonus_value": 2.0, "ativo": true, "ordem": 119}}, {"model": "profiles.achievement", "pk": 21, "fields": {"code": "PATROL_2", "nome": "Vigil├óncia Ativa", "descricao": "A Grid come├ºa a confiar sua fronteira a voc├¬.", "imagem": "img/conquistas/mundo-real.png", "raridade": "comum", "trigger_type": "patrol_count", "trigger_value": 10, "bonus_type": "patrol_xp_pct", "bonus_value": 3.0, "ativo": true, "ordem": 120}}, {"model": "profiles.achievement", "pk": 22, "fields": {"code": "PATROL_3", "nome": "Controle Territorial", "descricao": "Rotas s├úo seguras porque voc├¬ passou por elas.", "imagem": "img/conquistas/coruja-da-seguranca.png", "raridade": "rara", "trigger_type": "patrol_count", "trigger_value": 25, "bonus_type": "patrol_xp_pct", "bonus_value": 4.0, "ativo": true, "ordem": 221}}, {"model": "profiles.achievement", "pk": 23, "fields": {"code": "PATROL_4", "nome": "Zona Sob Observa├º├úo", "descricao": "Nada se move sem ser notado.", "imagem": "img/conquistas/firewall-ativo.png", "raridade": "rara", "trigger_type": "patrol_count", "trigger_value": 45, "bonus_type": "patrol_xp_pct", "bonus_value": 5.0, "ativo": true, "ordem": 222}}, {"model": "profiles.achievement", "pk": 24, "fields": {"code": "PATROL_5", "nome": "Guardi├úo do Per├¡metro", "descricao": "O territ├│rio responde primeiro a voc├¬.", "imagem": "img/conquistas/farol-de-vigia.png", "raridade": "epica", "trigger_type": "patrol_count", "trigger_value": 65, "bonus_type": "patrol_xp_pct", "bonus_value": 6.0, "ativo": true, "ordem": 323}}, {"model": "profiles.achievement", "pk": 25, "fields": {"code": "SCORE_1", "nome": "Primeiro Sinal", "descricao": "Voc├¬ deixou de ser ru├¡do e passou a ser detectado pela Grid.", "imagem": "img/conquistas/veterano-de-guerra.png", "raridade": "comum", "trigger_type": "xp_total", "trigger_value": 500, "bonus_type": "global_xp_pct", "bonus_value": 1.0, "ativo": true, "ordem": 124}}, {"model": "profiles.achievement", "pk": 26, "fields": {"code": "SCORE_2", "nome": "Presen├ºa Reconhecida", "descricao": "Seu padr├úo come├ºa a se repetir nos registros do sistema.", "imagem": "img/conquistas/arquiteto-de-elite.png", "raridade": "comum", "trigger_type": "xp_total", "trigger_value": 2500, "bonus_type": "global_xp_pct", "bonus_value": 1.0, "ativo": true, "ordem": 125}}, {"model": "profiles.achievement", "pk": 27, "fields": {"code": "SCORE_3", "nome": "Assinatura Est├ível", "descricao": "A Grid agora prev├¬ sua atua├º├úo antes mesmo do impacto.", "imagem": "img/conquistas/seguranca-intergalatica.png", "raridade": "rara", "trigger_type": "xp_total", "trigger_value": 10000, "bonus_type": "global_xp_pct", "bonus_value": 2.0, "ativo": true, "ordem": 226}}, {"model": "profiles.achievement", "pk": 28, "fields": {"code": "SCORE_4", "nome": "Anomalia Persistente", "descricao": "Voc├¬ n├úo ├⌐ mais exce├º├úo ΓÇö ├⌐ uma vari├ível permanente.", "imagem": "img/conquistas/lenda-viva.png", "raridade": "epica", "trigger_type": "xp_total", "trigger_value": 30000, "bonus_type": "global_xp_pct", "bonus_value": 2.0, "ativo": true, "ordem": 327}}, {"model": "profiles.achievement", "pk": 29, "fields": {"code": "SCORE_5", "nome": "Entidade Registrada", "descricao": "Seu rastro ├⌐ oficial. Apagar seria custoso demais.", "imagem": "img/conquistas/guardiao-supremo.png", "raridade": "lendaria", "trigger_type": "xp_total", "trigger_value": 75000, "bonus_type": "global_xp_pct", "bonus_value": 3.0, "ativo": true, "ordem": 428}}, {"model": "profiles.achievement", "pk": 30, "fields": {"code": "STREAK_1", "nome": "Consist├¬ncia Inicial", "descricao": "Tr├¬s dias. A rotina ainda ├⌐ fr├ígil ΓÇö mas existe.", "imagem": "img/conquistas/batismo-de-fogo.png", "raridade": "comum", "trigger_type": "streak_days", "trigger_value": 3, "bonus_type": "global_xp_pct", "bonus_value": 1.0, "ativo": true, "ordem": 129}}, {"model": "profiles.achievement", "pk": 31, "fields": {"code": "STREAK_2", "nome": "Padr├úo Estabelecido", "descricao": "Uma semana. O h├íbito come├ºa a ganhar forma.", "imagem": "img/conquistas/ferro-e-fogo.png", "raridade": "comum", "trigger_type": "streak_days", "trigger_value": 7, "bonus_type": "global_xp_pct", "bonus_value": 1.0, "ativo": true, "ordem": 130}}, {"model": "profiles.achievement", "pk": 32, "fields": {"code": "STREAK_3", "nome": "Frequ├¬ncia Calibrada", "descricao": "Quinze dias sem falhar. O sistema confia no seu ritmo.", "imagem": "img/conquistas/forja-de-guerra.png", "raridade": "rara", "trigger_type": "streak_days", "trigger_value": 15, "bonus_type": "global_xp_pct", "bonus_value": 2.0, "ativo": true, "ordem": 231}}, {"model": "profiles.achievement", "pk": 33, "fields": {"code": "STREAK_4", "nome": "Presen├ºa Constante", "descricao": "Um m├¬s inteiro. Sua aus├¬ncia seria notada.", "imagem": "img/conquistas/coruja-da-seguranca.png", "raridade": "rara", "trigger_type": "streak_days", "trigger_value": 30, "bonus_type": "global_xp_pct", "bonus_value": 2.0, "ativo": true, "ordem": 232}}, {"model": "profiles.achievement", "pk": 34, "fields": {"code": "STREAK_5", "nome": "Sentinela Permanente", "descricao": "Sessenta dias. A Grid n├úo precisa mais te chamar.", "imagem": "img/conquistas/farol-de-vigia.png", "raridade": "epica", "trigger_type": "streak_days", "trigger_value": 60, "bonus_type": "global_xp_pct", "bonus_value": 2.0, "ativo": true, "ordem": 333}}, {"model": "profiles.achievement", "pk": 35, "fields": {"code": "STREAK_6", "nome": "Inabal├ível", "descricao": "Noventa dias. Uma temporada inteira sem falhar.", "imagem": "img/conquistas/guardiao-supremo.png", "raridade": "lendaria", "trigger_type": "streak_days", "trigger_value": 90, "bonus_type": "global_xp_pct", "bonus_value": 3.0, "ativo": true, "ordem": 434}}, {"model": "profiles.achievement", "pk": 36, "fields": {"code": "LEVEL_1", "nome": "Ativa├º├úo Confirmada", "descricao": "O n├║cleo reconheceu sua identidade.", "imagem": "img/conquistas/batismo-de-fogo.png", "raridade": "comum", "trigger_type": "level_reached", "trigger_value": 5, "bonus_type": "global_xp_pct", "bonus_value": 1.0, "ativo": true, "ordem": 135}}, {"model": "profiles.achievement", "pk": 37, "fields": {"code": "LEVEL_2", "nome": "Acesso Intermedi├írio", "descricao": "Camadas antes inacess├¡veis come├ºam a ceder.", "imagem": "img/conquistas/arquiteto-de-elite.png", "raridade": "rara", "trigger_type": "level_reached", "trigger_value": 10, "bonus_type": "global_xp_pct", "bonus_value": 1.0, "ativo": true, "ordem": 236}}, {"model": "profiles.achievement", "pk": 38, "fields": {"code": "LEVEL_3", "nome": "Operador Certificado", "descricao": "Suas credenciais s├úo reconhecidas em toda a Grid.", "imagem": "img/conquistas/expert.png", "raridade": "rara", "trigger_type": "level_reached", "trigger_value": 20, "bonus_type": "global_xp_pct", "bonus_value": 2.0, "ativo": true, "ordem": 237}}, {"model": "profiles.achievement", "pk": 39, "fields": {"code": "LEVEL_4", "nome": "Classe Elevada", "descricao": "Poucos chegam aqui. Voc├¬ ├⌐ um deles.", "imagem": "img/conquistas/lenda-viva.png", "raridade": "epica", "trigger_type": "level_reached", "trigger_value": 35, "bonus_type": "global_xp_pct", "bonus_value": 2.0, "ativo": true, "ordem": 338}}, {"model": "profiles.achievement", "pk": 40, "fields": {"code": "LEVEL_5", "nome": "Status M├íximo", "descricao": "N├¡vel 50. O topo da hierarquia reconhece seu nome.", "imagem": "img/conquistas/guardiao-supremo.png", "raridade": "lendaria", "trigger_type": "level_reached", "trigger_value": 50, "bonus_type": "global_xp_pct", "bonus_value": 3.0, "ativo": true, "ordem": 439}}, {"model": "profiles.achievement", "pk": 41, "fields": {"code": "OFENSIVA_1", "nome": "Cad├¬ncia Inicial", "descricao": "O ritmo come├ºa a se impor sobre o sil├¬ncio.", "imagem": "img/conquistas/fagulha.png", "raridade": "comum", "trigger_type": "ofensiva", "trigger_value": 10, "bonus_type": "ofensiva_teto", "bonus_value": 5.0, "ativo": true, "ordem": 140}}, {"model": "profiles.achievement", "pk": 42, "fields": {"code": "OFENSIVA_2", "nome": "Press├úo Sustentada", "descricao": "Const├óncia ├⌐ uma forma de poder.", "imagem": "img/conquistas/ferro-e-fogo.png", "raridade": "rara", "trigger_type": "ofensiva", "trigger_value": 30, "bonus_type": "ofensiva_teto", "bonus_value": 8.0, "ativo": true, "ordem": 241}}, {"model": "profiles.achievement", "pk": 43, "fields": {"code": "OFENSIVA_3", "nome": "For├ºa Consolidada", "descricao": "A ofensiva n├úo ├⌐ surto ΓÇö ├⌐ cultura.", "imagem": "img/conquistas/em-chamas.png", "raridade": "epica", "trigger_type": "ofensiva", "trigger_value": 65, "bonus_type": "ofensiva_teto", "bonus_value": 12.0, "ativo": true, "ordem": 342}}, {"model": "profiles.achievement", "pk": 44, "fields": {"code": "OFENSIVA_4", "nome": "Press├úo M├íxima", "descricao": "Voc├¬ atingiu a satura├º├úo do sistema. Al├⌐m daqui, ├⌐ transcend├¬ncia.", "imagem": "img/conquistas/guardiao-supremo.png", "raridade": "lendaria", "trigger_type": "ofensiva", "trigger_value": 120, "bonus_type": "ofensiva_teto", "bonus_value": 20.0, "ativo": true, "ordem": 443}}, {"model": "profiles.achievement", "pk": 45, "fields": {"code": "SHOP_1", "nome": "Primeiro Investimento", "descricao": "Toda vantagem come├ºa com uma escolha.", "imagem": "img/conquistas/acumulador.png", "raridade": "comum", "trigger_type": "shop_count", "trigger_value": 1, "bonus_type": "coin_pct", "bonus_value": 2.0, "ativo": true, "ordem": 144}}, {"model": "profiles.achievement", "pk": 46, "fields": {"code": "SHOP_2", "nome": "Otimiza├º├úo Inicial", "descricao": "Efici├¬ncia n├úo ├⌐ sorte. ├ë ac├║mulo.", "imagem": "img/conquistas/acumulador.png", "raridade": "comum", "trigger_type": "shop_count", "trigger_value": 3, "bonus_type": "coin_pct", "bonus_value": 3.0, "ativo": true, "ordem": 145}}, {"model": "profiles.achievement", "pk": 47, "fields": {"code": "SHOP_3", "nome": "Estrutura Aprimorada", "descricao": "Seu desempenho agora ├⌐ modular.", "imagem": "img/conquistas/acumulador.png", "raridade": "rara", "trigger_type": "shop_count", "trigger_value": 7, "bonus_type": "coin_pct", "bonus_value": 4.0, "ativo": true, "ordem": 246}}, {"model": "profiles.achievement", "pk": 48, "fields": {"code": "SHOP_4", "nome": "Arquitetura de Vantagem", "descricao": "Cada a├º├úo rende mais do que antes.", "imagem": "img/conquistas/acumulador.png", "raridade": "rara", "trigger_type": "shop_count", "trigger_value": 12, "bonus_type": "coin_pct", "bonus_value": 5.0, "ativo": true, "ordem": 247}}, {"model": "profiles.achievement", "pk": 49, "fields": {"code": "SHOP_5", "nome": "Economia de Guerra", "descricao": "Voc├¬ n├úo gasta recursos. Voc├¬ os converte.", "imagem": "img/conquistas/acumulador.png", "raridade": "epica", "trigger_type": "shop_count", "trigger_value": 20, "bonus_type": "coin_pct", "bonus_value": 6.0, "ativo": true, "ordem": 348}}, {"model": "profiles.achievement", "pk": 50, "fields": {"code": "ALL_DAILY_1", "nome": "Dia Completo", "descricao": "Nenhuma miss├úo ficou pendente.", "imagem": "img/conquistas/batismo-de-fogo.png", "raridade": "rara", "trigger_type": "all_daily_count", "trigger_value": 1, "bonus_type": "global_xp_pct", "bonus_value": 2.0, "ativo": true, "ordem": 249}}, {"model": "profiles.achievement", "pk": 51, "fields": {"code": "ALL_DAILY_2", "nome": "Rotina de Elite", "descricao": "Cinco dias sem deixar nada para tr├ís.", "imagem": "img/conquistas/forja-de-guerra.png", "raridade": "epica", "trigger_type": "all_daily_count", "trigger_value": 5, "bonus_type": "global_xp_pct", "bonus_value": 2.0, "ativo": true, "ordem": 350}}, {"model": "profiles.achievement", "pk": 52, "fields": {"code": "ALL_DAILY_3", "nome": "Protocolo Absoluto", "descricao": "Quinze dias. Voc├¬ n├úo deixa brechas.", "imagem": "img/conquistas/guardiao-supremo.png", "raridade": "lendaria", "trigger_type": "all_daily_count", "trigger_value": 15, "bonus_type": "global_xp_pct", "bonus_value": 3.0, "ativo": true, "ordem": 451}}, {"model": "profiles.achievement", "pk": 53, "fields": {"code": "FEEDBACK_1", "nome": "Voz Ativa", "descricao": "Voc├¬ n├úo consome o sistema ΓÇö voc├¬ o aprimora.", "imagem": "img/conquistas/batismo-de-fogo.png", "raridade": "comum", "trigger_type": "feedback_count", "trigger_value": 1, "bonus_type": "global_xp_pct", "bonus_value": 1.0, "ativo": true, "ordem": 152}}, {"model": "profiles.achievement", "pk": 54, "fields": {"code": "FEEDBACK_2", "nome": "Contribuidor Frequente", "descricao": "Seu hist├│rico de feedback ├⌐ parte do DNA do sistema.", "imagem": "img/conquistas/arquiteto-de-elite.png", "raridade": "rara", "trigger_type": "feedback_count", "trigger_value": 5, "bonus_type": "global_xp_pct", "bonus_value": 1.0, "ativo": true, "ordem": 253}}, {"model": "profiles.achievement", "pk": 55, "fields": {"code": "VULNERABILITY_1", "nome": "Ca├ºador de Falhas", "descricao": "Voc├¬ encontrou o que o sistema n├úo queria que existisse.", "imagem": "img/conquistas/farol-de-vigia.png", "raridade": "lendaria", "trigger_type": "vulnerability", "trigger_value": 1, "bonus_type": "global_xp_pct", "bonus_value": 3.0, "ativo": true, "ordem": 454}}, {"model": "profiles.achievement", "pk": 56, "fields": {"code": "SEASON_TOP_3", "nome": "Top 3", "descricao": "Termine uma temporada no Top 3 do ranking.", "imagem": "img/conquistas/top-3.png", "raridade": "lendaria", "trigger_type": "season_top3", "trigger_value": 1, "bonus_type": null, "bonus_value": 0.0, "ativo": true, "ordem": 455}}, {"model": "profiles.achievement", "pk": 57, "fields": {"code": "SEASON_TOP_1", "nome": "O Maioral", "descricao": "Termine uma temporada em primeiro lugar.", "imagem": "img/conquistas/o-maioral.png", "raridade": "lendaria", "trigger_type": "season_top1", "trigger_value": 1, "bonus_type": null, "bonus_value": 0.0, "ativo": true, "ordem": 456}}, {"model": "profiles.playerachievement", "pk": 264, "fields": {"player": ["administrator"], "achievement": 45, "desbloqueada_em": "2026-04-06T03:05:51.492Z", "em_destaque": true}}, {"model": "profiles.playerachievement", "pk": 265, "fields": {"player": ["administrator"], "achievement": 46, "desbloqueada_em": "2026-04-06T03:05:55.471Z", "em_destaque": true}}, {"model": "profiles.battlepassconfig", "pk": 1, "fields": {"season": 2, "ativo": true, "descricao": "", "criado_em": "2026-04-02T22:57:58.899Z"}}, {"model": "profiles.battlepasstier", "pk": 1, "fields": {"battle_pass": 1, "tier": 1, "xp_necessario": 400, "recompensa_tipo": "coins", "recompensa_coins": 50, "recompensa_item": null, "recompensa_descricao": "50 Coins"}}, {"model": "profiles.battlepasstier", "pk": 2, "fields": {"battle_pass": 1, "tier": 2, "xp_necessario": 900, "recompensa_tipo": "item", "recompensa_coins": 0, "recompensa_item": 5, "recompensa_descricao": "Sniffer de Metadados (FREE_HINT)"}}, {"model": "profiles.battlepasstier", "pk": 3, "fields": {"battle_pass": 1, "tier": 3, "xp_necessario": 1500, "recompensa_tipo": "coins", "recompensa_coins": 75, "recompensa_item": null, "recompensa_descricao": "75 Coins"}}, {"model": "profiles.battlepasstier", "pk": 4, "fields": {"battle_pass": 1, "tier": 4, "xp_necessario": 2200, "recompensa_tipo": "item", "recompensa_coins": 0, "recompensa_item": 1, "recompensa_descricao": "Backup de Mem├│ria (TOKEN_RETAKE)"}}, {"model": "profiles.battlepasstier", "pk": 5, "fields": {"battle_pass": 1, "tier": 5, "xp_necessario": 3000, "recompensa_tipo": "cosmetic", "recompensa_coins": 0, "recompensa_item": 44, "recompensa_descricao": "T├¡tulo COMMON"}}, {"model": "profiles.battlepasstier", "pk": 6, "fields": {"battle_pass": 1, "tier": 6, "xp_necessario": 4000, "recompensa_tipo": "coins", "recompensa_coins": 75, "recompensa_item": null, "recompensa_descricao": "75 Coins"}}, {"model": "profiles.battlepasstier", "pk": 7, "fields": {"battle_pass": 1, "tier": 7, "xp_necessario": 5200, "recompensa_tipo": "item", "recompensa_coins": 0, "recompensa_item": 6, "recompensa_descricao": "Buffer de Conting├¬ncia (EXTRA_LIFE_TIME)"}}, {"model": "profiles.battlepasstier", "pk": 8, "fields": {"battle_pass": 1, "tier": 8, "xp_necessario": 6500, "recompensa_tipo": "coins", "recompensa_coins": 100, "recompensa_item": null, "recompensa_descricao": "100 Coins"}}, {"model": "profiles.battlepasstier", "pk": 9, "fields": {"battle_pass": 1, "tier": 9, "xp_necessario": 8000, "recompensa_tipo": "item", "recompensa_coins": 0, "recompensa_item": 5, "recompensa_descricao": "Sniffer de Metadados x2"}}, {"model": "profiles.battlepasstier", "pk": 10, "fields": {"battle_pass": 1, "tier": 10, "xp_necessario": 9800, "recompensa_tipo": "cosmetic", "recompensa_coins": 0, "recompensa_item": 35, "recompensa_descricao": "Frame COMMON"}}, {"model": "profiles.battlepasstier", "pk": 11, "fields": {"battle_pass": 1, "tier": 11, "xp_necessario": 11800, "recompensa_tipo": "coins", "recompensa_coins": 100, "recompensa_item": null, "recompensa_descricao": "100 Coins"}}, {"model": "profiles.battlepasstier", "pk": 12, "fields": {"battle_pass": 1, "tier": 12, "xp_necessario": 14000, "recompensa_tipo": "item", "recompensa_coins": 0, "recompensa_item": 2, "recompensa_descricao": "Injetor de Overclock (XP_BOOST 3d)"}}, {"model": "profiles.battlepasstier", "pk": 13, "fields": {"battle_pass": 1, "tier": 13, "xp_necessario": 16500, "recompensa_tipo": "coins", "recompensa_coins": 125, "recompensa_item": null, "recompensa_descricao": "125 Coins"}}, {"model": "profiles.battlepasstier", "pk": 14, "fields": {"battle_pass": 1, "tier": 14, "xp_necessario": 19200, "recompensa_tipo": "item", "recompensa_coins": 0, "recompensa_item": 4, "recompensa_descricao": "Protocolo Persist├¬ncia (STREAK_FREEZE)"}}, {"model": "profiles.battlepasstier", "pk": 15, "fields": {"battle_pass": 1, "tier": 15, "xp_necessario": 22200, "recompensa_tipo": "cosmetic", "recompensa_coins": 0, "recompensa_item": 49, "recompensa_descricao": "T├¡tulo COMMON"}}, {"model": "profiles.battlepasstier", "pk": 16, "fields": {"battle_pass": 1, "tier": 16, "xp_necessario": 25500, "recompensa_tipo": "coins", "recompensa_coins": 125, "recompensa_item": null, "recompensa_descricao": "125 Coins"}}, {"model": "profiles.battlepasstier", "pk": 17, "fields": {"battle_pass": 1, "tier": 17, "xp_necessario": 29000, "recompensa_tipo": "item", "recompensa_coins": 0, "recompensa_item": 1, "recompensa_descricao": "Backup de Mem├│ria (TOKEN_RETAKE)"}}, {"model": "profiles.battlepasstier", "pk": 18, "fields": {"battle_pass": 1, "tier": 18, "xp_necessario": 32800, "recompensa_tipo": "coins", "recompensa_coins": 150, "recompensa_item": null, "recompensa_descricao": "150 Coins"}}, {"model": "profiles.battlepasstier", "pk": 19, "fields": {"battle_pass": 1, "tier": 19, "xp_necessario": 37000, "recompensa_tipo": "item", "recompensa_coins": 0, "recompensa_item": 3, "recompensa_descricao": "Expansor de Cache (STREAK_CAP_BOOST)"}}, {"model": "profiles.battlepasstier", "pk": 20, "fields": {"battle_pass": 1, "tier": 20, "xp_necessario": 41500, "recompensa_tipo": "cosmetic", "recompensa_coins": 0, "recompensa_item": 36, "recompensa_descricao": "Background COMMON"}}, {"model": "profiles.battlepasstier", "pk": 21, "fields": {"battle_pass": 1, "tier": 21, "xp_necessario": 46300, "recompensa_tipo": "coins", "recompensa_coins": 150, "recompensa_item": null, "recompensa_descricao": "150 Coins"}}, {"model": "profiles.battlepasstier", "pk": 22, "fields": {"battle_pass": 1, "tier": 22, "xp_necessario": 51500, "recompensa_tipo": "item", "recompensa_coins": 0, "recompensa_item": 6, "recompensa_descricao": "Buffer de Conting├¬ncia x2"}}, {"model": "profiles.battlepasstier", "pk": 23, "fields": {"battle_pass": 1, "tier": 23, "xp_necessario": 57000, "recompensa_tipo": "coins", "recompensa_coins": 175, "recompensa_item": null, "recompensa_descricao": "175 Coins"}}, {"model": "profiles.battlepasstier", "pk": 24, "fields": {"battle_pass": 1, "tier": 24, "xp_necessario": 62800, "recompensa_tipo": "item", "recompensa_coins": 0, "recompensa_item": 2, "recompensa_descricao": "Injetor de Overclock (XP_BOOST 3d)"}}, {"model": "profiles.battlepasstier", "pk": 25, "fields": {"battle_pass": 1, "tier": 25, "xp_necessario": 69000, "recompensa_tipo": "cosmetic", "recompensa_coins": 0, "recompensa_item": 41, "recompensa_descricao": "T├¡tulo RARE"}}, {"model": "profiles.battlepasstier", "pk": 26, "fields": {"battle_pass": 1, "tier": 26, "xp_necessario": 75500, "recompensa_tipo": "coins", "recompensa_coins": 175, "recompensa_item": null, "recompensa_descricao": "175 Coins"}}, {"model": "profiles.battlepasstier", "pk": 27, "fields": {"battle_pass": 1, "tier": 27, "xp_necessario": 82300, "recompensa_tipo": "item", "recompensa_coins": 0, "recompensa_item": 1, "recompensa_descricao": "Backup de Mem├│ria (TOKEN_RETAKE)"}}, {"model": "profiles.battlepasstier", "pk": 28, "fields": {"battle_pass": 1, "tier": 28, "xp_necessario": 89500, "recompensa_tipo": "coins", "recompensa_coins": 200, "recompensa_item": null, "recompensa_descricao": "200 Coins"}}, {"model": "profiles.battlepasstier", "pk": 29, "fields": {"battle_pass": 1, "tier": 29, "xp_necessario": 97000, "recompensa_tipo": "item", "recompensa_coins": 0, "recompensa_item": 4, "recompensa_descricao": "Protocolo Persist├¬ncia x2"}}, {"model": "profiles.battlepasstier", "pk": 30, "fields": {"battle_pass": 1, "tier": 30, "xp_necessario": 105000, "recompensa_tipo": "cosmetic", "recompensa_coins": 0, "recompensa_item": 37, "recompensa_descricao": "Background RARE"}}, {"model": "profiles.battlepasstier", "pk": 31, "fields": {"battle_pass": 1, "tier": 31, "xp_necessario": 113500, "recompensa_tipo": "coins", "recompensa_coins": 200, "recompensa_item": null, "recompensa_descricao": "200 Coins"}}, {"model": "profiles.battlepasstier", "pk": 32, "fields": {"battle_pass": 1, "tier": 32, "xp_necessario": 122500, "recompensa_tipo": "item", "recompensa_coins": 0, "recompensa_item": 2, "recompensa_descricao": "Injetor de Overclock (XP_BOOST 3d)"}}, {"model": "profiles.battlepasstier", "pk": 33, "fields": {"battle_pass": 1, "tier": 33, "xp_necessario": 132000, "recompensa_tipo": "coins", "recompensa_coins": 225, "recompensa_item": null, "recompensa_descricao": "225 Coins"}}, {"model": "profiles.battlepasstier", "pk": 34, "fields": {"battle_pass": 1, "tier": 34, "xp_necessario": 142000, "recompensa_tipo": "item", "recompensa_coins": 0, "recompensa_item": 7, "recompensa_descricao": "Script de Arbitragem (CONVERT_GOLD_XP)"}}, {"model": "profiles.battlepasstier", "pk": 35, "fields": {"battle_pass": 1, "tier": 35, "xp_necessario": 152500, "recompensa_tipo": "cosmetic", "recompensa_coins": 0, "recompensa_item": 42, "recompensa_descricao": "T├¡tulo RARE"}}, {"model": "profiles.battlepasstier", "pk": 36, "fields": {"battle_pass": 1, "tier": 36, "xp_necessario": 163500, "recompensa_tipo": "coins", "recompensa_coins": 250, "recompensa_item": null, "recompensa_descricao": "250 Coins"}}, {"model": "profiles.battlepasstier", "pk": 37, "fields": {"battle_pass": 1, "tier": 37, "xp_necessario": 175000, "recompensa_tipo": "item", "recompensa_coins": 0, "recompensa_item": 1, "recompensa_descricao": "Backup de Mem├│ria (TOKEN_RETAKE)"}}, {"model": "profiles.battlepasstier", "pk": 38, "fields": {"battle_pass": 1, "tier": 38, "xp_necessario": 187000, "recompensa_tipo": "coins", "recompensa_coins": 250, "recompensa_item": null, "recompensa_descricao": "250 Coins"}}, {"model": "profiles.battlepasstier", "pk": 39, "fields": {"battle_pass": 1, "tier": 39, "xp_necessario": 199500, "recompensa_tipo": "item", "recompensa_coins": 0, "recompensa_item": 3, "recompensa_descricao": "Expansor de Cache x2"}}, {"model": "profiles.battlepasstier", "pk": 40, "fields": {"battle_pass": 1, "tier": 40, "xp_necessario": 212500, "recompensa_tipo": "cosmetic", "recompensa_coins": 0, "recompensa_item": 34, "recompensa_descricao": "Frame RARE"}}, {"model": "profiles.battlepasstier", "pk": 41, "fields": {"battle_pass": 1, "tier": 41, "xp_necessario": 226000, "recompensa_tipo": "coins", "recompensa_coins": 300, "recompensa_item": null, "recompensa_descricao": "300 Coins"}}, {"model": "profiles.battlepasstier", "pk": 42, "fields": {"battle_pass": 1, "tier": 42, "xp_necessario": 240000, "recompensa_tipo": "item", "recompensa_coins": 0, "recompensa_item": 2, "recompensa_descricao": "Injetor de Overclock (XP_BOOST 3d)"}}, {"model": "profiles.battlepasstier", "pk": 43, "fields": {"battle_pass": 1, "tier": 43, "xp_necessario": 254500, "recompensa_tipo": "coins", "recompensa_coins": 300, "recompensa_item": null, "recompensa_descricao": "300 Coins"}}, {"model": "profiles.battlepasstier", "pk": 44, "fields": {"battle_pass": 1, "tier": 44, "xp_necessario": 269500, "recompensa_tipo": "item", "recompensa_coins": 0, "recompensa_item": 8, "recompensa_descricao": "Monetizador de Expertise (CONVERT_XP_GOLD)"}}, {"model": "profiles.battlepasstier", "pk": 45, "fields": {"battle_pass": 1, "tier": 45, "xp_necessario": 285000, "recompensa_tipo": "cosmetic", "recompensa_coins": 0, "recompensa_item": 46, "recompensa_descricao": "T├¡tulo EPIC"}}, {"model": "profiles.battlepasstier", "pk": 46, "fields": {"battle_pass": 1, "tier": 46, "xp_necessario": 301000, "recompensa_tipo": "coins", "recompensa_coins": 400, "recompensa_item": null, "recompensa_descricao": "400 Coins"}}, {"model": "profiles.battlepasstier", "pk": 47, "fields": {"battle_pass": 1, "tier": 47, "xp_necessario": 317500, "recompensa_tipo": "item", "recompensa_coins": 0, "recompensa_item": 1, "recompensa_descricao": "Backup de Mem├│ria (TOKEN_RETAKE)"}}, {"model": "profiles.battlepasstier", "pk": 48, "fields": {"battle_pass": 1, "tier": 48, "xp_necessario": 334500, "recompensa_tipo": "coins", "recompensa_coins": 400, "recompensa_item": null, "recompensa_descricao": "400 Coins"}}, {"model": "profiles.battlepasstier", "pk": 49, "fields": {"battle_pass": 1, "tier": 49, "xp_necessario": 352000, "recompensa_tipo": "cosmetic", "recompensa_coins": 0, "recompensa_item": 32, "recompensa_descricao": "Frame EPIC"}}, {"model": "profiles.battlepasstier", "pk": 50, "fields": {"battle_pass": 1, "tier": 50, "xp_necessario": 370000, "recompensa_tipo": "cosmetic", "recompensa_coins": 0, "recompensa_item": 39, "recompensa_descricao": "Background EPIC"}}, {"model": "profiles.systemlog", "pk": 852, "fields": {"player": ["jogador_1"], "tipo": "level_up", "titulo": "LEVEL UP ΓåÆ 24", "descricao": "", "xp_delta": 0, "coin_delta": 0, "breakdown": {"nivel_novo": 24, "nivel_anterior": 8}, "criado_em": "2026-04-04T22:40:49.352Z"}}, {"model": "profiles.systemlog", "pk": 853, "fields": {"player": ["jogador_2"], "tipo": "level_up", "titulo": "LEVEL UP ΓåÆ 43", "descricao": "", "xp_delta": 0, "coin_delta": 0, "breakdown": {"nivel_novo": 43, "nivel_anterior": 13}, "criado_em": "2026-04-04T22:40:49.367Z"}}, {"model": "profiles.systemlog", "pk": 854, "fields": {"player": ["jogador_3"], "tipo": "level_up", "titulo": "LEVEL UP ΓåÆ 11", "descricao": "", "xp_delta": 0, "coin_delta": 0, "breakdown": {"nivel_novo": 11, "nivel_anterior": 4}, "criado_em": "2026-04-04T22:40:49.383Z"}}, {"model": "profiles.systemlog", "pk": 855, "fields": {"player": ["jogador_4"], "tipo": "level_up", "titulo": "LEVEL UP ΓåÆ 48", "descricao": "", "xp_delta": 0, "coin_delta": 0, "breakdown": {"nivel_novo": 48, "nivel_anterior": 14}, "criado_em": "2026-04-04T22:40:49.396Z"}}, {"model": "profiles.systemlog", "pk": 856, "fields": {"player": ["jogador_5"], "tipo": "level_up", "titulo": "LEVEL UP ΓåÆ 5", "descricao": "", "xp_delta": 0, "coin_delta": 0, "breakdown": {"nivel_novo": 5, "nivel_anterior": 2}, "criado_em": "2026-04-04T22:40:49.409Z"}}, {"model": "profiles.systemlog", "pk": 857, "fields": {"player": ["jogador_6"], "tipo": "level_up", "titulo": "LEVEL UP ΓåÆ 48", "descricao": "", "xp_delta": 0, "coin_delta": 0, "breakdown": {"nivel_novo": 48, "nivel_anterior": 14}, "criado_em": "2026-04-04T22:40:49.423Z"}}, {"model": "profiles.systemlog", "pk": 858, "fields": {"player": ["jogador_7"], "tipo": "level_up", "titulo": "LEVEL UP ΓåÆ 17", "descricao": "", "xp_delta": 0, "coin_delta": 0, "breakdown": {"nivel_novo": 17, "nivel_anterior": 6}, "criado_em": "2026-04-04T22:40:49.436Z"}}, {"model": "profiles.systemlog", "pk": 859, "fields": {"player": ["jogador_8"], "tipo": "level_up", "titulo": "LEVEL UP ΓåÆ 20", "descricao": "", "xp_delta": 0, "coin_delta": 0, "breakdown": {"nivel_novo": 20, "nivel_anterior": 7}, "criado_em": "2026-04-04T22:40:49.449Z"}}, {"model": "profiles.systemlog", "pk": 860, "fields": {"player": ["jogador_9"], "tipo": "level_up", "titulo": "LEVEL UP ΓåÆ 20", "descricao": "", "xp_delta": 0, "coin_delta": 0, "breakdown": {"nivel_novo": 20, "nivel_anterior": 7}, "criado_em": "2026-04-04T22:40:49.466Z"}}, {"model": "profiles.systemlog", "pk": 861, "fields": {"player": ["jogador_10"], "tipo": "level_up", "titulo": "LEVEL UP ΓåÆ 27", "descricao": "", "xp_delta": 0, "coin_delta": 0, "breakdown": {"nivel_novo": 27, "nivel_anterior": 9}, "criado_em": "2026-04-04T22:40:49.481Z"}}, {"model": "profiles.systemlog", "pk": 1148, "fields": {"player": ["administrator"], "tipo": "item_purchase", "titulo": "Compra passivo \"Backdoor Adormecido\"", "descricao": "", "xp_delta": 0, "coin_delta": -90, "breakdown": {"custo": 90, "effect": "XP_RANDOM", "item_id": 121, "raridade": "RARE", "item_name": "Backdoor Adormecido", "tipo_transacao": "purchase", "desconto_aplicado": false}, "criado_em": "2026-04-06T03:05:51.488Z"}}, {"model": "profiles.systemlog", "pk": 1149, "fields": {"player": ["administrator"], "tipo": "achievement", "titulo": "Conquista: Primeiro Investimento", "descricao": "", "xp_delta": 0, "coin_delta": 0, "breakdown": {"code": "SHOP_1", "raridade": "comum", "bonus_type": "coin_pct", "bonus_value": 2.0}, "criado_em": "2026-04-06T03:05:51.493Z"}}, {"model": "profiles.systemlog", "pk": 1150, "fields": {"player": ["administrator"], "tipo": "store_reroll", "titulo": "Reroll #1 da loja", "descricao": "", "xp_delta": 0, "coin_delta": -2, "breakdown": {"custo": 2, "tipo_transacao": "reroll", "desconto_aplicado": false}, "criado_em": "2026-04-06T03:05:53.125Z"}}, {"model": "profiles.systemlog", "pk": 1151, "fields": {"player": ["administrator"], "tipo": "item_purchase", "titulo": "Compra passivo \"Veterano\"", "descricao": "", "xp_delta": 0, "coin_delta": -55, "breakdown": {"custo": 55, "effect": "XP_PER_LEVEL", "item_id": 117, "raridade": "COMMON", "item_name": "Veterano", "tipo_transacao": "purchase", "desconto_aplicado": false}, "criado_em": "2026-04-06T03:05:53.913Z"}}, {"model": "profiles.systemlog", "pk": 1152, "fields": {"player": ["administrator"], "tipo": "item_purchase", "titulo": "Compra passivo \"Mestre de Cerim├┤nia\"", "descricao": "", "xp_delta": 0, "coin_delta": -220, "breakdown": {"custo": 220, "effect": "DOUBLE_XP_WEEK_FIRST", "item_id": 122, "raridade": "EPIC", "item_name": "Mestre de Cerim├┤nia", "tipo_transacao": "purchase", "desconto_aplicado": false}, "criado_em": "2026-04-06T03:05:55.467Z"}}, {"model": "profiles.systemlog", "pk": 1153, "fields": {"player": ["administrator"], "tipo": "achievement", "titulo": "Conquista: Otimiza├º├úo Inicial", "descricao": "", "xp_delta": 0, "coin_delta": 0, "breakdown": {"code": "SHOP_2", "raridade": "comum", "bonus_type": "coin_pct", "bonus_value": 3.0}, "criado_em": "2026-04-06T03:05:55.472Z"}}, {"model": "profiles.systemlog", "pk": 1154, "fields": {"player": ["administrator"], "tipo": "coins", "titulo": "+45Γ¼í (venda)", "descricao": "", "xp_delta": 0, "coin_delta": 45, "breakdown": {"base": 45, "final": 45, "fonte": "venda", "bonus_pct": 0}, "criado_em": "2026-04-06T16:16:55.434Z"}}, {"model": "profiles.systemlog", "pk": 1155, "fields": {"player": ["administrator"], "tipo": "item_sell", "titulo": "Venda de \"Backdoor Adormecido\" (reembolso 50%)", "descricao": "", "xp_delta": 0, "coin_delta": 45, "breakdown": {"custo": 45, "effect": "XP_RANDOM", "item_id": 121, "raridade": "RARE", "item_name": "Backdoor Adormecido", "tipo_transacao": "sell", "desconto_aplicado": false}, "criado_em": "2026-04-06T16:16:55.438Z"}}, {"model": "profiles.systemlog", "pk": 1156, "fields": {"player": ["administrator"], "tipo": "coins", "titulo": "+27Γ¼í (venda)", "descricao": "", "xp_delta": 0, "coin_delta": 27, "breakdown": {"base": 27, "final": 27, "fonte": "venda", "bonus_pct": 0}, "criado_em": "2026-04-06T16:16:57.328Z"}}, {"model": "profiles.systemlog", "pk": 1157, "fields": {"player": ["administrator"], "tipo": "item_sell", "titulo": "Venda de \"Veterano\" (reembolso 50%)", "descricao": "", "xp_delta": 0, "coin_delta": 27, "breakdown": {"custo": 27, "effect": "XP_PER_LEVEL", "item_id": 117, "raridade": "COMMON", "item_name": "Veterano", "tipo_transacao": "sell", "desconto_aplicado": false}, "criado_em": "2026-04-06T16:16:57.330Z"}}, {"model": "profiles.systemlog", "pk": 1158, "fields": {"player": ["administrator"], "tipo": "coins", "titulo": "+110Γ¼í (venda)", "descricao": "", "xp_delta": 0, "coin_delta": 110, "breakdown": {"base": 110, "final": 110, "fonte": "venda", "bonus_pct": 0}, "criado_em": "2026-04-06T16:17:00.078Z"}}, {"model": "profiles.systemlog", "pk": 1159, "fields": {"player": ["administrator"], "tipo": "item_sell", "titulo": "Venda de \"Mestre de Cerim├┤nia\" (reembolso 50%)", "descricao": "", "xp_delta": 0, "coin_delta": 110, "breakdown": {"custo": 110, "effect": "DOUBLE_XP_WEEK_FIRST", "item_id": 122, "raridade": "EPIC", "item_name": "Mestre de Cerim├┤nia", "tipo_transacao": "sell", "desconto_aplicado": false}, "criado_em": "2026-04-06T16:17:00.080Z"}}, {"model": "profiles.systemlog", "pk": 1160, "fields": {"player": ["administrator"], "tipo": "store_reroll", "titulo": "Reroll #2 da loja", "descricao": "", "xp_delta": 0, "coin_delta": -4, "breakdown": {"custo": 4, "tipo_transacao": "reroll", "desconto_aplicado": false}, "criado_em": "2026-04-06T16:20:28.925Z"}}, {"model": "profiles.systemlog", "pk": 1161, "fields": {"player": ["administrator"], "tipo": "store_reroll", "titulo": "Reroll #3 da loja", "descricao": "", "xp_delta": 0, "coin_delta": -6, "breakdown": {"custo": 6, "tipo_transacao": "reroll", "desconto_aplicado": false}, "criado_em": "2026-04-06T16:20:36.114Z"}}, {"model": "minigames.wordbank", "pk": 1, "fields": {"palavra": "REDE", "dica": "Infraestrutura de comunica├º├úo entre dispositivos", "categoria": "redes", "dificuldade": "facil", "comprimento": 4, "ativo": true}}, {"model": "minigames.wordbank", "pk": 2, "fields": {"palavra": "NODE", "dica": "Ponto de conex├úo em uma rede de computadores", "categoria": "redes", "dificuldade": "facil", "comprimento": 4, "ativo": true}}, {"model": "minigames.wordbank", "pk": 3, "fields": {"palavra": "ROTA", "dica": "Caminho definido para o tr├ífego de dados", "categoria": "redes", "dificuldade": "facil", "comprimento": 4, "ativo": true}}, {"model": "minigames.wordbank", "pk": 4, "fields": {"palavra": "HASH", "dica": "Fun├º├úo que converte dados em um c├│digo de tamanho fixo", "categoria": "ciberseguranca", "dificuldade": "facil", "comprimento": 4, "ativo": true}}, {"model": "minigames.wordbank", "pk": 5, "fields": {"palavra": "BYTE", "dica": "Unidade fundamental de informa├º├úo digital (8 bits)", "categoria": "ti", "dificuldade": "facil", "comprimento": 4, "ativo": true}}, {"model": "minigames.wordbank", "pk": 6, "fields": {"palavra": "SPAM", "dica": "Mensagem eletr├┤nica n├úo solicitada enviada em massa", "categoria": "ciberseguranca", "dificuldade": "facil", "comprimento": 4, "ativo": true}}, {"model": "minigames.wordbank", "pk": 7, "fields": {"palavra": "WORM", "dica": "Malware que se replica automaticamente pela rede", "categoria": "ciberseguranca", "dificuldade": "facil", "comprimento": 4, "ativo": true}}, {"model": "minigames.wordbank", "pk": 8, "fields": {"palavra": "DADO", "dica": "Unidade de informa├º├úo process├ível por um sistema", "categoria": "ti", "dificuldade": "facil", "comprimento": 4, "ativo": true}}, {"model": "minigames.wordbank", "pk": 9, "fields": {"palavra": "VPNS", "dica": "Redes privadas que criptografam conex├╡es remotas", "categoria": "redes", "dificuldade": "facil", "comprimento": 4, "ativo": true}}, {"model": "minigames.wordbank", "pk": 10, "fields": {"palavra": "PORTA", "dica": "Canal de comunica├º├úo l├│gico em um sistema (ex: 443)", "categoria": "redes", "dificuldade": "facil", "comprimento": 5, "ativo": true}}, {"model": "minigames.wordbank", "pk": 11, "fields": {"palavra": "SENHA", "dica": "Segredo usado para autenticar um usu├írio", "categoria": "ciberseguranca", "dificuldade": "facil", "comprimento": 5, "ativo": true}}, {"model": "minigames.wordbank", "pk": 12, "fields": {"palavra": "CHAVE", "dica": "Elemento criptogr├ífico para proteger dados", "categoria": "ciberseguranca", "dificuldade": "facil", "comprimento": 5, "ativo": true}}, {"model": "minigames.wordbank", "pk": 13, "fields": {"palavra": "TOKEN", "dica": "Credencial tempor├íria usada para autentica├º├úo", "categoria": "ciberseguranca", "dificuldade": "facil", "comprimento": 5, "ativo": true}}, {"model": "minigames.wordbank", "pk": 14, "fields": {"palavra": "VIRUS", "dica": "Programa malicioso que se replica em arquivos do sistema", "categoria": "ciberseguranca", "dificuldade": "facil", "comprimento": 5, "ativo": true}}, {"model": "minigames.wordbank", "pk": 15, "fields": {"palavra": "PATCH", "dica": "Atualiza├º├úo aplicada para corrigir vulnerabilidades", "categoria": "ti", "dificuldade": "facil", "comprimento": 5, "ativo": true}}, {"model": "minigames.wordbank", "pk": 16, "fields": {"palavra": "LOGIN", "dica": "Processo de autentica├º├úo em um sistema ou plataforma", "categoria": "ti", "dificuldade": "facil", "comprimento": 5, "ativo": true}}, {"model": "minigames.wordbank", "pk": 17, "fields": {"palavra": "ADMIN", "dica": "Usu├írio com n├¡vel m├íximo de privil├⌐gio no sistema", "categoria": "ti", "dificuldade": "facil", "comprimento": 5, "ativo": true}}, {"model": "minigames.wordbank", "pk": 18, "fields": {"palavra": "PROXY", "dica": "Servidor intermedi├írio entre cliente e destino na rede", "categoria": "redes", "dificuldade": "facil", "comprimento": 5, "ativo": true}}, {"model": "minigames.wordbank", "pk": 19, "fields": {"palavra": "HTTPS", "dica": "Protocolo de transfer├¬ncia segura via TLS/SSL", "categoria": "redes", "dificuldade": "facil", "comprimento": 5, "ativo": true}}, {"model": "minigames.wordbank", "pk": 20, "fields": {"palavra": "CLONE", "dica": "C├│pia exata de um sistema ou disco r├¡gido", "categoria": "ti", "dificuldade": "facil", "comprimento": 5, "ativo": true}}, {"model": "minigames.wordbank", "pk": 21, "fields": {"palavra": "ATAQUE", "dica": "A├º├úo maliciosa direcionada a um sistema ou rede", "categoria": "ciberseguranca", "dificuldade": "medio", "comprimento": 6, "ativo": true}}, {"model": "minigames.wordbank", "pk": 22, "fields": {"palavra": "BACKUP", "dica": "C├│pia de seguran├ºa de dados cr├¡ticos", "categoria": "ti", "dificuldade": "medio", "comprimento": 6, "ativo": true}}, {"model": "minigames.wordbank", "pk": 23, "fields": {"palavra": "TROJAN", "dica": "Malware disfar├ºado de software leg├¡timo", "categoria": "ciberseguranca", "dificuldade": "medio", "comprimento": 6, "ativo": true}}, {"model": "minigames.wordbank", "pk": 24, "fields": {"palavra": "BOTNET", "dica": "Rede de dispositivos infectados controlados remotamente", "categoria": "ciberseguranca", "dificuldade": "medio", "comprimento": 6, "ativo": true}}, {"model": "minigames.wordbank", "pk": 25, "fields": {"palavra": "FRAUDE", "dica": "Ato desonesto para obter vantagem indevida", "categoria": "politicas", "dificuldade": "medio", "comprimento": 6, "ativo": true}}, {"model": "minigames.wordbank", "pk": 26, "fields": {"palavra": "HACKER", "dica": "Especialista em explorar vulnerabilidades de sistemas", "categoria": "ciberseguranca", "dificuldade": "medio", "comprimento": 6, "ativo": true}}, {"model": "minigames.wordbank", "pk": 27, "fields": {"palavra": "KERNEL", "dica": "N├║cleo central do sistema operacional", "categoria": "ti", "dificuldade": "medio", "comprimento": 6, "ativo": true}}, {"model": "minigames.wordbank", "pk": 28, "fields": {"palavra": "COOKIE", "dica": "Arquivo armazenado pelo navegador para rastrear sess├╡es", "categoria": "ti", "dificuldade": "medio", "comprimento": 6, "ativo": true}}, {"model": "minigames.wordbank", "pk": 29, "fields": {"palavra": "SWITCH", "dica": "Dispositivo que interliga segmentos de rede", "categoria": "redes", "dificuldade": "medio", "comprimento": 6, "ativo": true}}, {"model": "minigames.wordbank", "pk": 30, "fields": {"palavra": "ROUTER", "dica": "Dispositivo que encaminha pacotes entre redes distintas", "categoria": "redes", "dificuldade": "medio", "comprimento": 6, "ativo": true}}, {"model": "minigames.wordbank", "pk": 31, "fields": {"palavra": "BUFFER", "dica": "├ürea tempor├íria de armazenamento de dados em mem├│ria", "categoria": "ti", "dificuldade": "medio", "comprimento": 6, "ativo": true}}, {"model": "minigames.wordbank", "pk": 32, "fields": {"palavra": "ACESSO", "dica": "Permiss├úo concedida para utilizar um recurso ou sistema", "categoria": "politicas", "dificuldade": "medio", "comprimento": 6, "ativo": true}}, {"model": "minigames.wordbank", "pk": 33, "fields": {"palavra": "CIFRAR", "dica": "Transformar dados em formato ileg├¡vel por criptografia", "categoria": "ciberseguranca", "dificuldade": "medio", "comprimento": 6, "ativo": true}}, {"model": "minigames.wordbank", "pk": 34, "fields": {"palavra": "VAZAMENTO", "dica": "Exposi├º├úo n├úo autorizada de dados confidenciais", "categoria": "ciberseguranca", "dificuldade": "medio", "comprimento": 9, "ativo": true}}, {"model": "minigames.wordbank", "pk": 35, "fields": {"palavra": "MALWARE", "dica": "Categoria de software malicioso projetado para causar dano", "categoria": "ciberseguranca", "dificuldade": "medio", "comprimento": 7, "ativo": true}}, {"model": "minigames.wordbank", "pk": 36, "fields": {"palavra": "ROOTKIT", "dica": "Ferramenta que oculta presen├ºa de malware no sistema", "categoria": "ciberseguranca", "dificuldade": "medio", "comprimento": 7, "ativo": true}}, {"model": "minigames.wordbank", "pk": 37, "fields": {"palavra": "SPYWARE", "dica": "Software que espiona e envia atividades do usu├írio", "categoria": "ciberseguranca", "dificuldade": "medio", "comprimento": 7, "ativo": true}}, {"model": "minigames.wordbank", "pk": 38, "fields": {"palavra": "EXPLOIT", "dica": "C├│digo que aproveita uma vulnerabilidade espec├¡fica", "categoria": "ciberseguranca", "dificuldade": "medio", "comprimento": 7, "ativo": true}}, {"model": "minigames.wordbank", "pk": 39, "fields": {"palavra": "PAYLOAD", "dica": "Parte maliciosa e ativa executada por um malware", "categoria": "ciberseguranca", "dificuldade": "medio", "comprimento": 7, "ativo": true}}, {"model": "minigames.wordbank", "pk": 40, "fields": {"palavra": "PRIVADO", "dica": "Dado ou recurso restrito a pessoas autorizadas", "categoria": "politicas", "dificuldade": "medio", "comprimento": 7, "ativo": true}}, {"model": "minigames.wordbank", "pk": 41, "fields": {"palavra": "CIFRADO", "dica": "Dado que passou por algoritmo criptogr├ífico", "categoria": "ciberseguranca", "dificuldade": "medio", "comprimento": 7, "ativo": true}}, {"model": "minigames.wordbank", "pk": 42, "fields": {"palavra": "TUNELAMENTO", "dica": "Encapsulamento de um protocolo dentro de outro", "categoria": "redes", "dificuldade": "medio", "comprimento": 11, "ativo": false}}, {"model": "minigames.wordbank", "pk": 43, "fields": {"palavra": "PHISHING", "dica": "Ataque de engenharia social via e-mail falso", "categoria": "ciberseguranca", "dificuldade": "dificil", "comprimento": 8, "ativo": true}}, {"model": "minigames.wordbank", "pk": 44, "fields": {"palavra": "FIREWALL", "dica": "Barreira de prote├º├úo entre redes internas e externas", "categoria": "ciberseguranca", "dificuldade": "dificil", "comprimento": 8, "ativo": true}}, {"model": "minigames.wordbank", "pk": 45, "fields": {"palavra": "SPOOFING", "dica": "Falsifica├º├úo de identidade em comunica├º├╡es digitais", "categoria": "ciberseguranca", "dificuldade": "dificil", "comprimento": 8, "ativo": true}}, {"model": "minigames.wordbank", "pk": 46, "fields": {"palavra": "SNIFFING", "dica": "Intercepta├º├úo e an├ílise do tr├ífego de rede", "categoria": "ciberseguranca", "dificuldade": "dificil", "comprimento": 8, "ativo": true}}, {"model": "minigames.wordbank", "pk": 47, "fields": {"palavra": "KEYLOGGER", "dica": "Programa que registra teclas digitadas pelo usu├írio", "categoria": "ciberseguranca", "dificuldade": "dificil", "comprimento": 9, "ativo": true}}, {"model": "minigames.wordbank", "pk": 48, "fields": {"palavra": "BIOMETRIA", "dica": "Identifica├º├úo por caracter├¡sticas f├¡sicas ├║nicas", "categoria": "ciberseguranca", "dificuldade": "dificil", "comprimento": 9, "ativo": true}}, {"model": "minigames.wordbank", "pk": 49, "fields": {"palavra": "PROTOCOLO", "dica": "Conjunto de regras para comunica├º├úo entre sistemas", "categoria": "redes", "dificuldade": "dificil", "comprimento": 9, "ativo": true}}, {"model": "minigames.wordbank", "pk": 50, "fields": {"palavra": "RANSOMWARE", "dica": "Malware que sequestra dados e exige pagamento de resgate", "categoria": "ciberseguranca", "dificuldade": "dificil", "comprimento": 10, "ativo": false}}, {"model": "minigames.wordbank", "pk": 51, "fields": {"palavra": "ENGENHARIA", "dica": "Manipula├º├úo psicol├│gica de pessoas para obter acesso", "categoria": "ciberseguranca", "dificuldade": "dificil", "comprimento": 10, "ativo": false}}, {"model": "minigames.wordbank", "pk": 52, "fields": {"palavra": "CRIPTOGRAFIA", "dica": "Ci├¬ncia de proteger informa├º├╡es por codifica├º├úo", "categoria": "ciberseguranca", "dificuldade": "dificil", "comprimento": 12, "ativo": false}}, {"model": "minigames.wordbank", "pk": 53, "fields": {"palavra": "VULNERABILIDADE", "dica": "Falha que pode ser explorada por um atacante", "categoria": "ciberseguranca", "dificuldade": "dificil", "comprimento": 15, "ativo": false}}, {"model": "minigames.wordbank", "pk": 54, "fields": {"palavra": "MONITORAMENTO", "dica": "Acompanhamento cont├¡nuo de sistemas e redes", "categoria": "ti", "dificuldade": "dificil", "comprimento": 13, "ativo": false}}, {"model": "minigames.wordbank", "pk": 55, "fields": {"palavra": "CRIPTOGRAFAR", "dica": "Transformar dados em formato seguro e ileg├¡vel", "categoria": "ciberseguranca", "dificuldade": "dificil", "comprimento": 12, "ativo": false}}, {"model": "minigames.quiz", "pk": 4, "fields": {"titulo": "Quiz Miss├úo", "descricao": "Um quiz para testar miss├╡es.", "time_limit_seconds": 180, "xp_reward": 0, "coin_reward": 5, "available_from": "2026-04-02", "available_days": 7, "season": null, "ativo": true, "criado_por": ["administrator"], "criado_em": "2026-03-26T14:49:51.586Z"}}, {"model": "minigames.quiz", "pk": 5, "fields": {"titulo": "Quiz perfeito", "descricao": "seje perfeito", "time_limit_seconds": 180, "xp_reward": 0, "coin_reward": 5, "available_from": "2026-03-26", "available_days": 7, "season": null, "ativo": true, "criado_por": ["administrator"], "criado_em": "2026-03-26T19:38:14.518Z"}}, {"model": "minigames.quizquestion", "pk": 6, "fields": {"quiz": 4, "question_text": "Fala tu, marca no X se vc tem coragem", "xp_points": 120, "allow_multiple": false, "order": 0}}, {"model": "minigames.quizquestion", "pk": 7, "fields": {"quiz": 5, "question_text": "marca o x ladr├úo", "xp_points": 120, "allow_multiple": false, "order": 0}}, {"model": "minigames.quizoption", "pk": 17, "fields": {"question": 6, "option_text": "x", "is_correct": true, "order": 0}}, {"model": "minigames.quizoption", "pk": 18, "fields": {"question": 6, "option_text": "z", "is_correct": false, "order": 0}}, {"model": "minigames.quizoption", "pk": 19, "fields": {"question": 6, "option_text": "y", "is_correct": false, "order": 0}}, {"model": "minigames.quizoption", "pk": 20, "fields": {"question": 6, "option_text": "a", "is_correct": false, "order": 0}}, {"model": "minigames.quizoption", "pk": 21, "fields": {"question": 7, "option_text": "X", "is_correct": true, "order": 0}}, {"model": "minigames.quizoption", "pk": 22, "fields": {"question": 7, "option_text": "z", "is_correct": false, "order": 0}}, {"model": "minigames.quizoption", "pk": 23, "fields": {"question": 7, "option_text": "y", "is_correct": false, "order": 0}}, {"model": "minigames.quizoption", "pk": 24, "fields": {"question": 7, "option_text": "a", "is_correct": false, "order": 0}}, {"model": "minigames.patrolconfig", "pk": 1, "fields": {"max_attempts": 10, "xp_base": 100, "coin_min": 10, "coin_max": 20, "patrol_limit": 5}}, {"model": "minigames.passwordgameconfig", "pk": 1, "fields": {"time_limit_seconds": 60, "xp_reward": 120, "coin_reward": 5, "rules_count_easy": 2, "rules_count_medium": 2, "rules_count_hard": 1, "rules_count_insane": 1, "rules_count_math": 1, "active_days": "0,1,2,3,4,5,6", "ativo": true}}, {"model": "minigames.decriptarconfig", "pk": 1, "fields": {"time_limit_seconds": 60, "xp_per_word": 40, "coin_reward": 20, "words_count_easy": 2, "words_count_medio": 2, "words_count_hard": 1, "max_lives": 3, "ativo": true, "hint_time_penalty_pct": 10, "day_seg": true, "day_ter": true, "day_qua": true, "day_qui": true, "day_sex": true, "day_sab": true, "day_dom": true}}, {"model": "minigames.codigoconfig", "pk": 1, "fields": {"time_limit_seconds": 600, "xp_reward": 200, "coin_reward": 20, "ativo": true, "hint_time_penalty_pct": 50, "day_seg": true, "day_ter": true, "day_qua": true, "day_qui": true, "day_sex": true, "day_sab": true, "day_dom": true}}, {"model": "rankings.season", "pk": 1, "fields": {"numero": 2, "nome": "Temporada do Drag├úo", "descricao": "├ë o ano do drag├úo!", "inicio": "2026-04-02", "fim": "2026-05-31", "ativa": false, "premio_descricao": "1- R$50 PILA\r\n2- R$30 PILA\r\n3- R$20 PILA"}}, {"model": "rankings.season", "pk": 2, "fields": {"numero": 3, "nome": "Teste", "descricao": "", "inicio": "2026-04-02", "fim": "2026-04-30", "ativa": true, "premio_descricao": "teste 1\r\nteste 2\r\nteste 3"}}, {"model": "rankings.rankingsnapshot", "pk": 10, "fields": {"season": 2, "player": ["jogador_4"], "categoria": "xp", "posicao": 1, "valor": 36974, "atualizado_em": "2026-04-05T00:42:52.673Z"}}, {"model": "rankings.rankingsnapshot", "pk": 11, "fields": {"season": 2, "player": ["jogador_6"], "categoria": "xp", "posicao": 1, "valor": 36952, "atualizado_em": "2026-04-05T04:31:50.358Z"}}, {"model": "rankings.rankingsnapshot", "pk": 12, "fields": {"season": 2, "player": ["jogador_2"], "categoria": "xp", "posicao": 2, "valor": 30648, "atualizado_em": "2026-04-05T04:31:50.367Z"}}, {"model": "rankings.rankingsnapshot", "pk": 13, "fields": {"season": 2, "player": ["jogador_10"], "categoria": "xp", "posicao": 4, "valor": 12225, "atualizado_em": "2026-04-05T00:42:52.696Z"}}, {"model": "rankings.rankingsnapshot", "pk": 14, "fields": {"season": 2, "player": ["jogador_1"], "categoria": "xp", "posicao": 3, "valor": 9503, "atualizado_em": "2026-04-05T04:31:50.375Z"}}, {"model": "rankings.rankingsnapshot", "pk": 15, "fields": {"season": 2, "player": ["jogador_8"], "categoria": "xp", "posicao": 6, "valor": 6815, "atualizado_em": "2026-04-05T00:42:52.710Z"}}, {"model": "rankings.rankingsnapshot", "pk": 16, "fields": {"season": 2, "player": ["jogador_9"], "categoria": "xp", "posicao": 7, "valor": 6563, "atualizado_em": "2026-04-05T00:42:52.718Z"}}, {"model": "rankings.rankingsnapshot", "pk": 17, "fields": {"season": 2, "player": ["jogador_7"], "categoria": "xp", "posicao": 4, "valor": 4888, "atualizado_em": "2026-04-05T04:31:50.385Z"}}, {"model": "rankings.rankingsnapshot", "pk": 18, "fields": {"season": 2, "player": ["jogador_3"], "categoria": "xp", "posicao": 5, "valor": 2059, "atualizado_em": "2026-04-05T04:31:50.394Z"}}, {"model": "rankings.rankingsnapshot", "pk": 20, "fields": {"season": 2, "player": ["jogador_5"], "categoria": "xp", "posicao": 10, "valor": 546, "atualizado_em": "2026-04-05T00:42:52.740Z"}}, {"model": "rankings.rankingsnapshot", "pk": 22, "fields": {"season": 2, "player": ["jogador_9"], "categoria": "moedas", "posicao": 1, "valor": 1485, "atualizado_em": "2026-04-05T00:42:52.758Z"}}, {"model": "rankings.rankingsnapshot", "pk": 23, "fields": {"season": 2, "player": ["jogador_7"], "categoria": "moedas", "posicao": 2, "valor": 1094, "atualizado_em": "2026-04-05T04:31:50.421Z"}}, {"model": "rankings.rankingsnapshot", "pk": 24, "fields": {"season": 2, "player": ["jogador_6"], "categoria": "moedas", "posicao": 3, "valor": 1016, "atualizado_em": "2026-04-05T04:31:50.429Z"}}, {"model": "rankings.rankingsnapshot", "pk": 25, "fields": {"season": 2, "player": ["jogador_3"], "categoria": "moedas", "posicao": 4, "valor": 838, "atualizado_em": "2026-04-05T04:31:50.437Z"}}, {"model": "rankings.rankingsnapshot", "pk": 26, "fields": {"season": 2, "player": ["jogador_8"], "categoria": "moedas", "posicao": 5, "valor": 709, "atualizado_em": "2026-04-05T00:42:52.790Z"}}, {"model": "rankings.rankingsnapshot", "pk": 27, "fields": {"season": 2, "player": ["jogador_10"], "categoria": "moedas", "posicao": 6, "valor": 381, "atualizado_em": "2026-04-05T00:42:52.798Z"}}, {"model": "rankings.rankingsnapshot", "pk": 28, "fields": {"season": 2, "player": ["jogador_5"], "categoria": "moedas", "posicao": 7, "valor": 264, "atualizado_em": "2026-04-05T00:42:52.805Z"}}, {"model": "rankings.rankingsnapshot", "pk": 29, "fields": {"season": 2, "player": ["jogador_4"], "categoria": "moedas", "posicao": 8, "valor": 261, "atualizado_em": "2026-04-05T00:42:52.813Z"}}, {"model": "rankings.rankingsnapshot", "pk": 30, "fields": {"season": 2, "player": ["jogador_2"], "categoria": "moedas", "posicao": 5, "valor": 215, "atualizado_em": "2026-04-05T04:31:50.444Z"}}, {"model": "rankings.rankingsnapshot", "pk": 31, "fields": {"season": 2, "player": ["jogador_1"], "categoria": "moedas", "posicao": 6, "valor": 185, "atualizado_em": "2026-04-05T04:31:50.452Z"}}, {"model": "rankings.rankingsnapshot", "pk": 33, "fields": {"season": 2, "player": ["jogador_1"], "categoria": "ofensiva", "posicao": 2, "valor": 0, "atualizado_em": "2026-04-05T04:31:50.483Z"}}, {"model": "rankings.rankingsnapshot", "pk": 34, "fields": {"season": 2, "player": ["jogador_2"], "categoria": "ofensiva", "posicao": 3, "valor": 0, "atualizado_em": "2026-04-05T04:31:50.491Z"}}, {"model": "rankings.rankingsnapshot", "pk": 35, "fields": {"season": 2, "player": ["jogador_3"], "categoria": "ofensiva", "posicao": 4, "valor": 0, "atualizado_em": "2026-04-05T04:31:50.500Z"}}, {"model": "rankings.rankingsnapshot", "pk": 36, "fields": {"season": 2, "player": ["jogador_4"], "categoria": "ofensiva", "posicao": 5, "valor": 0, "atualizado_em": "2026-04-05T00:42:52.907Z"}}, {"model": "rankings.rankingsnapshot", "pk": 37, "fields": {"season": 2, "player": ["jogador_5"], "categoria": "ofensiva", "posicao": 6, "valor": 0, "atualizado_em": "2026-04-05T00:42:52.916Z"}}, {"model": "rankings.rankingsnapshot", "pk": 38, "fields": {"season": 2, "player": ["jogador_6"], "categoria": "ofensiva", "posicao": 5, "valor": 0, "atualizado_em": "2026-04-05T04:31:50.510Z"}}, {"model": "rankings.rankingsnapshot", "pk": 39, "fields": {"season": 2, "player": ["jogador_7"], "categoria": "ofensiva", "posicao": 6, "valor": 0, "atualizado_em": "2026-04-05T04:31:50.521Z"}}, {"model": "rankings.rankingsnapshot", "pk": 40, "fields": {"season": 2, "player": ["jogador_8"], "categoria": "ofensiva", "posicao": 9, "valor": 0, "atualizado_em": "2026-04-05T00:42:52.938Z"}}, {"model": "rankings.rankingsnapshot", "pk": 41, "fields": {"season": 2, "player": ["jogador_9"], "categoria": "ofensiva", "posicao": 10, "valor": 0, "atualizado_em": "2026-04-05T00:42:52.946Z"}}, {"model": "rankings.rankingsnapshot", "pk": 42, "fields": {"season": 2, "player": ["jogador_10"], "categoria": "ofensiva", "posicao": 11, "valor": 0, "atualizado_em": "2026-04-05T00:42:52.954Z"}}, {"model": "store.storeconfig", "pk": 1, "fields": {"weight_common": 70, "weight_rare": 25, "weight_epic": 5, "slots_diarios": 2, "reroll_custo_base": 2, "reroll_incremento": 2, "max_passivos_slots": 4, "max_consumiveis": 20}}, {"model": "store.item", "pk": 1, "fields": {"item_id": 1, "name": "Backup de Mem├│ria", "description": "Permite refazer um desafio falho sem perder progresso.", "tipo": "consumable", "raridade": "COMMON", "build": "NONE", "effect": "TOKEN_RETAKE", "icon": "bi-arrow-counterclockwise", "value": 1.0, "value_secondary": 0.0, "duration_days": 0, "max_bonus": 0.0, "cost": 20, "disponivel": false, "season": null, "criado_em": "2026-03-27T18:07:00.137Z"}}, {"model": "store.item", "pk": 2, "fields": {"item_id": 2, "name": "Injetor de Overclock", "description": "+30% XP em todos os desafios por 3 dias.", "tipo": "consumable", "raridade": "COMMON", "build": "NONE", "effect": "XP_BOOST_DAYS", "icon": "bi-graph-up-arrow", "value": 20.0, "value_secondary": 0.0, "duration_days": 3, "max_bonus": 0.0, "cost": 50, "disponivel": false, "season": null, "criado_em": "2026-03-27T18:07:00.143Z"}}, {"model": "store.item", "pk": 3, "fields": {"item_id": 3, "name": "Expansor de Cache", "description": "+25 no teto da ofensiva (streak) por 3 dias.", "tipo": "consumable", "raridade": "RARE", "build": "NONE", "effect": "STREAK_CAP_BOOST", "icon": "bi-bar-chart-steps", "value": 25.0, "value_secondary": 0.0, "duration_days": 3, "max_bonus": 0.0, "cost": 80, "disponivel": false, "season": null, "criado_em": "2026-03-27T18:07:00.147Z"}}, {"model": "store.item", "pk": 4, "fields": {"item_id": 4, "name": "Protocolo Persist├¬ncia", "description": "Congela e protege sua streak por 5 dias.", "tipo": "consumable", "raridade": "RARE", "build": "NONE", "effect": "STREAK_FREEZE", "icon": "bi-snow", "value": 0.0, "value_secondary": 0.0, "duration_days": 5, "max_bonus": 0.0, "cost": 100, "disponivel": false, "season": null, "criado_em": "2026-03-27T18:07:00.152Z"}}, {"model": "store.item", "pk": 5, "fields": {"item_id": 5, "name": "Sniffer de Metadados", "description": "Pr├│ximo desafio tem dicas gr├ítis sem penalidade.", "tipo": "consumable", "raridade": "COMMON", "build": "NONE", "effect": "FREE_HINT", "icon": "bi-binoculars-fill", "value": 1.0, "value_secondary": 0.0, "duration_days": 0, "max_bonus": 0.0, "cost": 30, "disponivel": false, "season": null, "criado_em": "2026-03-27T18:07:00.155Z"}}, {"model": "store.item", "pk": 6, "fields": {"item_id": 6, "name": "Buffer de Conting├¬ncia", "description": "+30s de tempo e +1 vida no pr├│ximo desafio.", "tipo": "consumable", "raridade": "RARE", "build": "NONE", "effect": "EXTRA_LIFE_TIME", "icon": "bi-heart-pulse-fill", "value": 30.0, "value_secondary": 0.0, "duration_days": 1, "max_bonus": 0.0, "cost": 60, "disponivel": false, "season": null, "criado_em": "2026-03-27T18:07:00.158Z"}}, {"model": "store.item", "pk": 7, "fields": {"item_id": 7, "name": "Script de Arbitragem", "description": "Troca imediata: 80 Coins ΓåÆ 150 XP.", "tipo": "consumable", "raridade": "EPIC", "build": "NONE", "effect": "CONVERT_GOLD_XP", "icon": "bi-currency-exchange", "value": 150.0, "value_secondary": 80.0, "duration_days": 0, "max_bonus": 0.0, "cost": 100, "disponivel": false, "season": null, "criado_em": "2026-03-27T18:07:00.162Z"}}, {"model": "store.item", "pk": 8, "fields": {"item_id": 8, "name": "Monetizador de Expertise", "description": "Troca imediata: 100 XP ΓåÆ 50 Coins.", "tipo": "consumable", "raridade": "EPIC", "build": "NONE", "effect": "CONVERT_XP_GOLD", "icon": "bi-cash-coin", "value": 50.0, "value_secondary": 100.0, "duration_days": 0, "max_bonus": 0.0, "cost": 0, "disponivel": false, "season": null, "criado_em": "2026-03-27T18:07:00.165Z"}}, {"model": "store.item", "pk": 9, "fields": {"item_id": 101, "name": "Cold Wallet", "description": "+1% XP por cada 10 Coins em saldo (M├íx 20%).", "tipo": "passive", "raridade": "COMMON", "build": "ECONOMY", "effect": "XP_PER_COIN", "icon": "bi-safe2-fill", "value": 0.1, "value_secondary": 0.0, "duration_days": 0, "max_bonus": 15.0, "cost": 60, "disponivel": true, "season": null, "criado_em": "2026-03-27T18:07:00.223Z"}}, {"model": "store.item", "pk": 10, "fields": {"item_id": 102, "name": "Cart├úo Clonado", "description": "15% de desconto em todos os itens da loja.", "tipo": "passive", "raridade": "RARE", "build": "ECONOMY", "effect": "SHOP_DISCOUNT", "icon": "bi-credit-card-2-front-fill", "value": 15.0, "value_secondary": 0.0, "duration_days": 0, "max_bonus": 0.0, "cost": 150, "disponivel": true, "season": null, "criado_em": "2026-03-27T18:07:00.227Z"}}, {"model": "store.item", "pk": 11, "fields": {"item_id": 103, "name": "Algoritmo de Escassez", "description": "+20% b├┤nus de XP se tiver menos de 10 Coins.", "tipo": "passive", "raridade": "COMMON", "build": "ECONOMY", "effect": "XP_LOW_CASH", "icon": "bi-exclamation-diamond-fill", "value": 15.0, "value_secondary": 0.0, "duration_days": 0, "max_bonus": 0.0, "cost": 40, "disponivel": true, "season": null, "criado_em": "2026-03-27T18:07:00.245Z"}}, {"model": "store.item", "pk": 12, "fields": {"item_id": 104, "name": "Bit de Paridade", "description": "+25% b├┤nus de XP se o saldo de Coins for ├ìMPAR.", "tipo": "passive", "raridade": "COMMON", "build": "ECONOMY", "effect": "XP_ODD_CASH", "icon": "bi-123", "value": 18.0, "value_secondary": 0.0, "duration_days": 0, "max_bonus": 0.0, "cost": 40, "disponivel": true, "season": null, "criado_em": "2026-03-27T18:07:00.249Z"}}, {"model": "store.item", "pk": 13, "fields": {"item_id": 105, "name": "Overclock Inst├ível", "description": "-30% tempo no desafio, mas ganha +50% XP.", "tipo": "passive", "raridade": "RARE", "build": "SPEEDRUN", "effect": "TIME_REDUCTION_XP_BOOST", "icon": "bi-speedometer2", "value": -20.0, "value_secondary": 30.0, "duration_days": 0, "max_bonus": 0.0, "cost": 120, "disponivel": true, "season": null, "criado_em": "2026-03-27T18:07:00.252Z"}}, {"model": "store.item", "pk": 14, "fields": {"item_id": 106, "name": "Fibra ├ôptica Direta", "description": "+1% XP por cada segundo restante ao finalizar (M├íx 30%).", "tipo": "passive", "raridade": "COMMON", "build": "SPEEDRUN", "effect": "XP_PER_SECOND", "icon": "bi-optical-audio-fill", "value": 1.0, "value_secondary": 0.0, "duration_days": 0, "max_bonus": 20.0, "cost": 60, "disponivel": true, "season": null, "criado_em": "2026-03-27T18:07:00.294Z"}}, {"model": "store.item", "pk": 15, "fields": {"item_id": 107, "name": "CPU 128 Cores", "description": "Adiciona +15 segundos fixos em todo desafio.", "tipo": "passive", "raridade": "COMMON", "build": "UTILITY", "effect": "ADD_TIME", "icon": "bi-cpu-fill", "value": 15.0, "value_secondary": 0.0, "duration_days": 0, "max_bonus": 0.0, "cost": 50, "disponivel": true, "season": null, "criado_em": "2026-03-27T18:07:00.298Z"}}, {"model": "store.item", "pk": 16, "fields": {"item_id": 108, "name": "Brute Force", "description": "+20% XP se vencer em menos de 3 tentativas.", "tipo": "passive", "raridade": "COMMON", "build": "SKILL", "effect": "XP_QUICK_WIN", "icon": "bi-lightning-fill", "value": 15.0, "value_secondary": 0.0, "duration_days": 0, "max_bonus": 0.0, "cost": 40, "disponivel": true, "season": null, "criado_em": "2026-03-27T18:07:00.302Z"}}, {"model": "store.item", "pk": 17, "fields": {"item_id": 109, "name": "Middleware", "description": "+30% XP se todos os 4 itens forem da mesma raridade.", "tipo": "passive", "raridade": "EPIC", "build": "SYNERGY", "effect": "XP_SAME_RARITY", "icon": "bi-diagram-3-fill", "value": 25.0, "value_secondary": 0.0, "duration_days": 0, "max_bonus": 0.0, "cost": 200, "disponivel": true, "season": null, "criado_em": "2026-03-27T18:07:00.306Z"}}, {"model": "store.item", "pk": 18, "fields": {"item_id": 110, "name": "Cluster de Nodes", "description": "+10% XP para cada item COMUM equipado.", "tipo": "passive", "raridade": "COMMON", "build": "SYNERGY", "effect": "XP_PER_COMMON", "icon": "bi-hdd-network-fill", "value": 8.0, "value_secondary": 0.0, "duration_days": 0, "max_bonus": 24.0, "cost": 45, "disponivel": true, "season": null, "criado_em": "2026-03-27T18:07:00.310Z"}}, {"model": "store.item", "pk": 19, "fields": {"item_id": 111, "name": "Framework Minimalista", "description": "+10% XP para cada slot de item vazio.", "tipo": "passive", "raridade": "RARE", "build": "SYNERGY", "effect": "XP_PER_EMPTY_SLOT", "icon": "bi-layout-sidebar-inset", "value": 10.0, "value_secondary": 0.0, "duration_days": 0, "max_bonus": 30.0, "cost": 130, "disponivel": true, "season": null, "criado_em": "2026-03-27T18:07:00.313Z"}}, {"model": "store.item", "pk": 20, "fields": {"item_id": 112, "name": "Firewall Camada 7", "description": "Aumenta em +10% todos os b├┤nus de XP j├í ativos.", "tipo": "passive", "raridade": "COMMON", "build": "BUFF", "effect": "XP_STACK_MULTIPLIER", "icon": "bi-shield-fill-plus", "value": 8.0, "value_secondary": 0.0, "duration_days": 0, "max_bonus": 0.0, "cost": 70, "disponivel": true, "season": null, "criado_em": "2026-03-27T18:07:00.316Z"}}, {"model": "store.item", "pk": 21, "fields": {"item_id": 113, "name": "Perfil Ostenta├º├úo", "description": "+10% XP para cada cosm├⌐tico equipado.", "tipo": "passive", "raridade": "RARE", "build": "SOCIAL", "effect": "XP_PER_COSMETIC", "icon": "bi-person-badge-fill", "value": 8.0, "value_secondary": 0.0, "duration_days": 0, "max_bonus": 24.0, "cost": 110, "disponivel": true, "season": null, "criado_em": "2026-03-27T18:07:00.320Z"}}, {"model": "store.item", "pk": 22, "fields": {"item_id": 114, "name": "Influencer", "description": "+5% XP para cada conquista em destaque.", "tipo": "passive", "raridade": "COMMON", "build": "SOCIAL", "effect": "XP_PER_FEATURED_ACHIEVEMENT", "icon": "bi-megaphone-fill", "value": 4.0, "value_secondary": 0.0, "duration_days": 0, "max_bonus": 20.0, "cost": 45, "disponivel": true, "season": null, "criado_em": "2026-03-27T18:07:00.324Z"}}, {"model": "store.item", "pk": 23, "fields": {"item_id": 115, "name": "L├¡der do Quadrante", "description": "+50% b├┤nus de XP se estiver no Top 3 Geral.", "tipo": "passive", "raridade": "EPIC", "build": "RANKING", "effect": "XP_TOP_3", "icon": "bi-trophy-fill", "value": 25.0, "value_secondary": 0.0, "duration_days": 0, "max_bonus": 0.0, "cost": 250, "disponivel": true, "season": null, "criado_em": "2026-03-27T18:07:00.327Z"}}, {"model": "store.item", "pk": 24, "fields": {"item_id": 116, "name": "Underdog Protocol", "description": "+30% b├┤nus de XP se estiver fora do Top 10.", "tipo": "passive", "raridade": "RARE", "build": "RANKING", "effect": "XP_OUTSIDE_TOP_5", "icon": "bi-arrow-up-right-circle-fill", "value": 20.0, "value_secondary": 0.0, "duration_days": 0, "max_bonus": 0.0, "cost": 100, "disponivel": true, "season": null, "criado_em": "2026-03-27T18:07:00.331Z"}}, {"model": "store.item", "pk": 25, "fields": {"item_id": 117, "name": "Veterano", "description": "+1% XP de b├┤nus para cada N├¡vel do player.", "tipo": "passive", "raridade": "COMMON", "build": "SCALING", "effect": "XP_PER_LEVEL", "icon": "bi-stars", "value": 1.0, "value_secondary": 0.0, "duration_days": 0, "max_bonus": 25.0, "cost": 55, "disponivel": true, "season": null, "criado_em": "2026-03-27T18:07:00.335Z"}}, {"model": "store.item", "pk": 26, "fields": {"item_id": 118, "name": "Rainbow Tables", "description": "+30% XP em desafios de C├│digo.", "tipo": "passive", "raridade": "COMMON", "build": "SPECIFIC", "effect": "XP_CODE_CHALLENGE", "icon": "bi-braces", "value": 20.0, "value_secondary": 0.0, "duration_days": 0, "max_bonus": 0.0, "cost": 50, "disponivel": true, "season": null, "criado_em": "2026-03-27T18:07:00.339Z"}}, {"model": "store.item", "pk": 27, "fields": {"item_id": 119, "name": "Wi-Fi Sniffer", "description": "+30% XP em desafios de Patrulha.", "tipo": "passive", "raridade": "COMMON", "build": "SPECIFIC", "effect": "XP_PATROL_CHALLENGE", "icon": "bi-wifi", "value": 20.0, "value_secondary": 0.0, "duration_days": 0, "max_bonus": 0.0, "cost": 50, "disponivel": true, "season": null, "criado_em": "2026-03-27T18:07:00.342Z"}}, {"model": "store.item", "pk": 28, "fields": {"item_id": 120, "name": "Rev-Eng", "description": "+30% XP em desafios de Decriptar.", "tipo": "passive", "raridade": "COMMON", "build": "SPECIFIC", "effect": "XP_DECRYPT_CHALLENGE", "icon": "bi-file-earmark-binary-fill", "value": 20.0, "value_secondary": 0.0, "duration_days": 0, "max_bonus": 0.0, "cost": 50, "disponivel": true, "season": null, "criado_em": "2026-03-27T18:07:00.346Z"}}, {"model": "store.item", "pk": 29, "fields": {"item_id": 121, "name": "Backdoor Adormecido", "description": "B├┤nus aleat├│rio entre 5% e 25% por desafio.", "tipo": "passive", "raridade": "RARE", "build": "LUCK", "effect": "XP_RANDOM", "icon": "bi-dice-5-fill", "value": 5.0, "value_secondary": 0.0, "duration_days": 0, "max_bonus": 20.0, "cost": 90, "disponivel": true, "season": null, "criado_em": "2026-03-27T18:07:00.350Z"}}, {"model": "store.item", "pk": 30, "fields": {"item_id": 122, "name": "Mestre de Cerim├┤nia", "description": "Dobra a pontua├º├úo do primeiro desafio feito na semana.", "tipo": "passive", "raridade": "EPIC", "build": "TIME", "effect": "DOUBLE_XP_WEEK_FIRST", "icon": "bi-calendar", "value": 50.0, "value_secondary": 0.0, "duration_days": 0, "max_bonus": 0.0, "cost": 220, "disponivel": true, "season": null, "criado_em": "2026-03-27T18:07:00.355Z"}}, {"model": "store.item", "pk": 31, "fields": {"item_id": 201, "name": "Neon Terminal", "description": "Frame com est├⌐tica de terminal neon.", "tipo": "cosmetic", "raridade": "RARE", "build": "NONE", "effect": "COSMETIC_FRAME", "icon": "bi-terminal-fill", "value": 0.0, "value_secondary": 0.0, "duration_days": 0, "max_bonus": 0.0, "cost": 80, "disponivel": true, "season": null, "criado_em": "2026-03-27T18:07:00.358Z"}}, {"model": "store.item", "pk": 32, "fields": {"item_id": 202, "name": "Blood Matrix", "description": "Frame com chuva de dados vermelho.", "tipo": "cosmetic", "raridade": "EPIC", "build": "NONE", "effect": "COSMETIC_FRAME", "icon": "bi-droplet-fill", "value": 0.0, "value_secondary": 0.0, "duration_days": 0, "max_bonus": 0.0, "cost": 150, "disponivel": true, "season": null, "criado_em": "2026-03-27T18:07:00.362Z"}}, {"model": "store.item", "pk": 33, "fields": {"item_id": 203, "name": "Golden Root", "description": "Frame com ra├¡zes douradas.", "tipo": "cosmetic", "raridade": "EPIC", "build": "NONE", "effect": "COSMETIC_FRAME", "icon": "bi-gem", "value": 0.0, "value_secondary": 0.0, "duration_days": 0, "max_bonus": 0.0, "cost": 180, "disponivel": true, "season": null, "criado_em": "2026-03-27T18:07:00.366Z"}}, {"model": "store.item", "pk": 34, "fields": {"item_id": 204, "name": "Plasma Fire", "description": "Frame com chamas de plasma.", "tipo": "cosmetic", "raridade": "RARE", "build": "NONE", "effect": "COSMETIC_FRAME", "icon": "bi-fire", "value": 0.0, "value_secondary": 0.0, "duration_days": 0, "max_bonus": 0.0, "cost": 90, "disponivel": true, "season": null, "criado_em": "2026-03-27T18:07:00.370Z"}}, {"model": "store.item", "pk": 35, "fields": {"item_id": 205, "name": "Deep Void", "description": "Frame com o vazio profundo.", "tipo": "cosmetic", "raridade": "COMMON", "build": "NONE", "effect": "COSMETIC_FRAME", "icon": "bi-circle-fill", "value": 0.0, "value_secondary": 0.0, "duration_days": 0, "max_bonus": 0.0, "cost": 40, "disponivel": true, "season": null, "criado_em": "2026-03-27T18:07:00.373Z"}}, {"model": "store.item", "pk": 36, "fields": {"item_id": 211, "name": "Circuit Grid", "description": "Background de grade de circuito.", "tipo": "cosmetic", "raridade": "COMMON", "build": "NONE", "effect": "COSMETIC_BACKGROUND", "icon": "bi-grid-3x3-gap-fill", "value": 0.0, "value_secondary": 0.0, "duration_days": 0, "max_bonus": 0.0, "cost": 30, "disponivel": true, "season": null, "criado_em": "2026-03-27T18:07:00.376Z"}}, {"model": "store.item", "pk": 37, "fields": {"item_id": 212, "name": "Digital Rain", "description": "Background de chuva digital.", "tipo": "cosmetic", "raridade": "RARE", "build": "NONE", "effect": "COSMETIC_BACKGROUND", "icon": "bi-cloud-rain-fill", "value": 0.0, "value_secondary": 0.0, "duration_days": 0, "max_bonus": 0.0, "cost": 70, "disponivel": true, "season": null, "criado_em": "2026-03-27T18:07:00.379Z"}}, {"model": "store.item", "pk": 38, "fields": {"item_id": 213, "name": "Glitch Static", "description": "Background com est├ítica de glitch.", "tipo": "cosmetic", "raridade": "RARE", "build": "NONE", "effect": "COSMETIC_BACKGROUND", "icon": "bi-reception-4", "value": 0.0, "value_secondary": 0.0, "duration_days": 0, "max_bonus": 0.0, "cost": 80, "disponivel": true, "season": null, "criado_em": "2026-03-27T18:07:00.383Z"}}, {"model": "store.item", "pk": 39, "fields": {"item_id": 214, "name": "Synthwave Sunset", "description": "Background synthwave retr├┤.", "tipo": "cosmetic", "raridade": "EPIC", "build": "NONE", "effect": "COSMETIC_BACKGROUND", "icon": "bi-sunset-fill", "value": 0.0, "value_secondary": 0.0, "duration_days": 0, "max_bonus": 0.0, "cost": 160, "disponivel": true, "season": null, "criado_em": "2026-03-27T18:07:00.386Z"}}, {"model": "store.item", "pk": 40, "fields": {"item_id": 215, "name": "Blueprint Schematics", "description": "Background de esquemas t├⌐cnicos.", "tipo": "cosmetic", "raridade": "COMMON", "build": "NONE", "effect": "COSMETIC_BACKGROUND", "icon": "bi-tools", "value": 0.0, "value_secondary": 0.0, "duration_days": 0, "max_bonus": 0.0, "cost": 35, "disponivel": true, "season": null, "criado_em": "2026-03-27T18:07:00.390Z"}}, {"model": "store.item", "pk": 41, "fields": {"item_id": 221, "name": "Ca├ºador de Bugs", "description": "T├¡tulo para os que ca├ºam falhas.", "tipo": "cosmetic", "raridade": "COMMON", "build": "NONE", "effect": "COSMETIC_TITLE", "icon": "bi-bug-fill", "value": 0.0, "value_secondary": 0.0, "duration_days": 0, "max_bonus": 0.0, "cost": 25, "disponivel": true, "season": null, "criado_em": "2026-03-27T18:07:00.393Z"}}, {"model": "store.item", "pk": 42, "fields": {"item_id": 222, "name": "Fantasma Digital", "description": "Invis├¡vel, implac├ível.", "tipo": "cosmetic", "raridade": "RARE", "build": "NONE", "effect": "COSMETIC_TITLE", "icon": "bi-incognito", "value": 0.0, "value_secondary": 0.0, "duration_days": 0, "max_bonus": 0.0, "cost": 75, "disponivel": true, "season": null, "criado_em": "2026-03-27T18:07:00.397Z"}}, {"model": "store.item", "pk": 43, "fields": {"item_id": 223, "name": "Engenheiro do Caos", "description": "Sistemas n├úo testados s├úo sistemas vulner├íveis.", "tipo": "cosmetic", "raridade": "EPIC", "build": "NONE", "effect": "COSMETIC_TITLE", "icon": "bi-radioactive", "value": 0.0, "value_secondary": 0.0, "duration_days": 0, "max_bonus": 0.0, "cost": 140, "disponivel": true, "season": null, "criado_em": "2026-03-27T18:07:00.400Z"}}, {"model": "store.item", "pk": 44, "fields": {"item_id": 224, "name": "Rookie Protocol", "description": "Come├ºando a jornada.", "tipo": "cosmetic", "raridade": "COMMON", "build": "NONE", "effect": "COSMETIC_TITLE", "icon": "bi-person-fill-add", "value": 0.0, "value_secondary": 0.0, "duration_days": 0, "max_bonus": 0.0, "cost": 0, "disponivel": true, "season": null, "criado_em": "2026-03-27T18:07:00.404Z"}}, {"model": "store.item", "pk": 45, "fields": {"item_id": 225, "name": "Mestre das Senhas", "description": "Nenhum cofre resiste.", "tipo": "cosmetic", "raridade": "RARE", "build": "NONE", "effect": "COSMETIC_TITLE", "icon": "bi-key-fill", "value": 0.0, "value_secondary": 0.0, "duration_days": 0, "max_bonus": 0.0, "cost": 80, "disponivel": true, "season": null, "criado_em": "2026-03-27T18:07:00.407Z"}}, {"model": "store.item", "pk": 46, "fields": {"item_id": 226, "name": "Firewall Humano", "description": "A ├║ltima linha de defesa.", "tipo": "cosmetic", "raridade": "EPIC", "build": "NONE", "effect": "COSMETIC_TITLE", "icon": "bi-shield-fill-check", "value": 0.0, "value_secondary": 0.0, "duration_days": 0, "max_bonus": 0.0, "cost": 150, "disponivel": true, "season": null, "criado_em": "2026-03-27T18:07:00.410Z"}}, {"model": "store.item", "pk": 47, "fields": {"item_id": 227, "name": "Zero Day", "description": "Explora o que ainda n├úo foi descoberto.", "tipo": "cosmetic", "raridade": "EPIC", "build": "NONE", "effect": "COSMETIC_TITLE", "icon": "bi-0-circle-fill", "value": 0.0, "value_secondary": 0.0, "duration_days": 0, "max_bonus": 0.0, "cost": 200, "disponivel": true, "season": null, "criado_em": "2026-03-27T18:07:00.414Z"}}, {"model": "store.item", "pk": 48, "fields": {"item_id": 228, "name": "Sentinela da Rede", "description": "Vigia incans├ível.", "tipo": "cosmetic", "raridade": "RARE", "build": "NONE", "effect": "COSMETIC_TITLE", "icon": "bi-eye-fill", "value": 0.0, "value_secondary": 0.0, "duration_days": 0, "max_bonus": 0.0, "cost": 65, "disponivel": true, "season": null, "criado_em": "2026-03-27T18:07:00.418Z"}}, {"model": "store.item", "pk": 49, "fields": {"item_id": 229, "name": "Script Kiddie", "description": "Ainda aprendendo. Isso n├úo ├⌐ um insulto.", "tipo": "cosmetic", "raridade": "COMMON", "build": "NONE", "effect": "COSMETIC_TITLE", "icon": "bi-code-slash", "value": 0.0, "value_secondary": 0.0, "duration_days": 0, "max_bonus": 0.0, "cost": 15, "disponivel": true, "season": null, "criado_em": "2026-03-27T18:07:00.421Z"}}, {"model": "store.item", "pk": 50, "fields": {"item_id": 230, "name": "Arquiteto de Exploit", "description": "Constr├│i o que outros n├úo imaginam.", "tipo": "cosmetic", "raridade": "EPIC", "build": "NONE", "effect": "COSMETIC_TITLE", "icon": "bi-wrench-adjustable-circle-fill", "value": 0.0, "value_secondary": 0.0, "duration_days": 0, "max_bonus": 0.0, "cost": 180, "disponivel": true, "season": null, "criado_em": "2026-03-27T18:07:00.424Z"}}, {"model": "store.item", "pk": 51, "fields": {"item_id": 9, "name": "Pacote de Cargas", "description": "Abre um pacote misterioso e dropa 1 consum├¡vel aleat├│rio. Itens raros t├¬m menor chance de aparecer.", "tipo": "consumable", "raridade": "COMMON", "build": "LUCK", "effect": "LOOT_PACK", "icon": "bi-box-seam-fill", "value": 0.0, "value_secondary": 0.0, "duration_days": 0, "max_bonus": 0.0, "cost": 25, "disponivel": true, "season": null, "criado_em": "2026-04-03T18:43:54.800Z"}}, {"model": "store.dailystore", "pk": 42, "fields": {"player": ["administrator"], "date": "2026-04-06", "reroll_count": 3, "gerado_em": "2026-04-06T03:05:49.879Z", "items": [20, 10]}}, {"model": "store.storetransaction", "pk": 575, "fields": {"player": ["administrator"], "item": 29, "tipo": "purchase", "coins_delta": -90, "xp_delta": 0, "desconto_aplicado": false, "descricao": "Compra passivo \"Backdoor Adormecido\"", "criado_em": "2026-04-06T03:05:51.487Z"}}, {"model": "store.storetransaction", "pk": 576, "fields": {"player": ["administrator"], "item": null, "tipo": "reroll", "coins_delta": -2, "xp_delta": 0, "desconto_aplicado": false, "descricao": "Reroll #1 da loja", "criado_em": "2026-04-06T03:05:53.124Z"}}, {"model": "store.storetransaction", "pk": 577, "fields": {"player": ["administrator"], "item": 25, "tipo": "purchase", "coins_delta": -55, "xp_delta": 0, "desconto_aplicado": false, "descricao": "Compra passivo \"Veterano\"", "criado_em": "2026-04-06T03:05:53.913Z"}}, {"model": "store.storetransaction", "pk": 578, "fields": {"player": ["administrator"], "item": 30, "tipo": "purchase", "coins_delta": -220, "xp_delta": 0, "desconto_aplicado": false, "descricao": "Compra passivo \"Mestre de Cerim├┤nia\"", "criado_em": "2026-04-06T03:05:55.466Z"}}, {"model": "store.storetransaction", "pk": 579, "fields": {"player": ["administrator"], "item": 29, "tipo": "sell", "coins_delta": 45, "xp_delta": 0, "desconto_aplicado": false, "descricao": "Venda de \"Backdoor Adormecido\" (reembolso 50%)", "criado_em": "2026-04-06T16:16:55.436Z"}}, {"model": "store.storetransaction", "pk": 580, "fields": {"player": ["administrator"], "item": 25, "tipo": "sell", "coins_delta": 27, "xp_delta": 0, "desconto_aplicado": false, "descricao": "Venda de \"Veterano\" (reembolso 50%)", "criado_em": "2026-04-06T16:16:57.329Z"}}, {"model": "store.storetransaction", "pk": 581, "fields": {"player": ["administrator"], "item": 30, "tipo": "sell", "coins_delta": 110, "xp_delta": 0, "desconto_aplicado": false, "descricao": "Venda de \"Mestre de Cerim├┤nia\" (reembolso 50%)", "criado_em": "2026-04-06T16:17:00.079Z"}}, {"model": "store.storetransaction", "pk": 582, "fields": {"player": ["administrator"], "item": null, "tipo": "reroll", "coins_delta": -4, "xp_delta": 0, "desconto_aplicado": false, "descricao": "Reroll #2 da loja", "criado_em": "2026-04-06T16:20:28.924Z"}}, {"model": "store.storetransaction", "pk": 583, "fields": {"player": ["administrator"], "item": null, "tipo": "reroll", "coins_delta": -6, "xp_delta": 0, "desconto_aplicado": false, "descricao": "Reroll #3 da loja", "criado_em": "2026-04-06T16:20:36.113Z"}}, {"model": "feedback.feedbackcoinconfig", "pk": 1, "fields": {"coins_sugestao_implementada": 2, "coins_feedback_valido": 1, "coins_bug_confirmado": 3, "coins_vulnerabilidade": 5}}, {"model": "missions.missiontemplate", "pk": 1, "fields": {"title": "Patrulheiro", "description_template": "Realize {target} patrulha(s) di├íria(s).", "category": "patrol", "difficulty": "easy", "min_target": 1, "max_target": 2, "xp_reward": 0, "coin_reward": 10, "is_active": true, "code": "PATROL_COUNT"}}, {"model": "missions.missiontemplate", "pk": 2, "fields": {"title": "Quiz R├ípido", "description_template": "Complete {target} Quiz sobre seguran├ºa.", "category": "quiz", "difficulty": "easy", "min_target": 1, "max_target": 1, "xp_reward": 0, "coin_reward": 10, "is_active": true, "code": "QUIZ_COUNT"}}, {"model": "missions.missiontemplate", "pk": 3, "fields": {"title": "Jogador Casual", "description_template": "Jogue {target} Minigame (Termo, Anagrama ou Senha).", "category": "any", "difficulty": "easy", "min_target": 1, "max_target": 1, "xp_reward": 0, "coin_reward": 10, "is_active": true, "code": "MIN_GAME_COUNT"}}, {"model": "missions.missiontemplate", "pk": 4, "fields": {"title": "Mercado Negro", "description_template": "Gaste {target} GC atualizando o estoque da loja (Reroll).", "category": "any", "difficulty": "easy", "min_target": 1, "max_target": 5, "xp_reward": 0, "coin_reward": 10, "is_active": false, "code": null}}, {"model": "missions.missiontemplate", "pk": 5, "fields": {"title": "Investidor", "description_template": "Gaste um total de {target} GC na loja.", "category": "any", "difficulty": "easy", "min_target": 1, "max_target": 5, "xp_reward": 0, "coin_reward": 10, "is_active": false, "code": null}}, {"model": "missions.missiontemplate", "pk": 6, "fields": {"title": "Patrulha da Cidade", "description_template": "Realize {target} patrulhas.", "category": "patrol", "difficulty": "medium", "min_target": 3, "max_target": 3, "xp_reward": 0, "coin_reward": 10, "is_active": true, "code": "PATROL_COUNT"}}, {"model": "missions.missiontemplate", "pk": 7, "fields": {"title": "Maratona de Estudos", "description_template": "Complete {target} Quizzes diferentes.", "category": "quiz", "difficulty": "medium", "min_target": 2, "max_target": 3, "xp_reward": 0, "coin_reward": 10, "is_active": true, "code": "QUIZ_COUNT"}}, {"model": "missions.missiontemplate", "pk": 8, "fields": {"title": "Mente Afiada", "description_template": "Jogue {target} rodadas de Minigames.", "category": "any", "difficulty": "medium", "min_target": 2, "max_target": 4, "xp_reward": 0, "coin_reward": 10, "is_active": true, "code": "MIN_GAME_COUNT"}}, {"model": "missions.missiontemplate", "pk": 9, "fields": {"title": "Racioc├¡nio R├ípido", "description_template": "Complete {target} Quizzes em menos de 120 segundos.", "category": "quiz", "difficulty": "medium", "min_target": 1, "max_target": 1, "xp_reward": 0, "coin_reward": 10, "is_active": true, "code": "QUIZ_COUNT_SPEEDRUN"}}, {"model": "missions.missiontemplate", "pk": 10, "fields": {"title": "Hacker Veloz", "description_template": "Ven├ºa {target} Minigames em tempo recorde (Speedrun).", "category": "any", "difficulty": "medium", "min_target": 1, "max_target": 3, "xp_reward": 0, "coin_reward": 10, "is_active": true, "code": "MIN_GAME_COUNT_SPEEDRUN"}}, {"model": "missions.missiontemplate", "pk": 11, "fields": {"title": "Guardi├úo da Net", "description_template": "Complete {target} patrulhas di├írias.", "category": "patrol", "difficulty": "hard", "min_target": 3, "max_target": 3, "xp_reward": 0, "coin_reward": 10, "is_active": true, "code": "PATROL_COUNT"}}, {"model": "missions.missiontemplate", "pk": 12, "fields": {"title": "Mestre dos Jogos", "description_template": "Jogue {target} Minigames para treinar suas habilidades.", "category": "any", "difficulty": "hard", "min_target": 3, "max_target": 4, "xp_reward": 0, "coin_reward": 10, "is_active": true, "code": "MIN_GAME_COUNT"}}, {"model": "missions.missiontemplate", "pk": 13, "fields": {"title": "G├¬nio da Turma", "description_template": "Alcance {target} pontos totais em Quizzes.", "category": "quiz", "difficulty": "hard", "min_target": 60, "max_target": 120, "xp_reward": 0, "coin_reward": 10, "is_active": true, "code": "QUIZ_SCORE_SUM"}}, {"model": "missions.missiontemplate", "pk": 14, "fields": {"title": "Perfei├º├úo Total", "description_template": "Obtenha pontua├º├úo perfeita em {target} Quizzes.", "category": "quiz", "difficulty": "hard", "min_target": 2, "max_target": 3, "xp_reward": 0, "coin_reward": 10, "is_active": true, "code": "QUIZ_COUNT_PERFECT"}}, {"model": "missions.missiontemplate", "pk": 15, "fields": {"title": "Execu├º├úo Impec├ível", "description_template": "Complete {target} desafios (qualquer tipo) sem erros.", "category": "any", "difficulty": "hard", "min_target": 1, "max_target": 3, "xp_reward": 0, "coin_reward": 10, "is_active": true, "code": "MIN_GAME_COUNT"}}, {"model": "missions.missiontemplate", "pk": 16, "fields": {"title": "Sentinela Ativo", "description_template": "Envie {target} feedback ou sugest├úo para o sistema.", "category": "feedback", "difficulty": "easy", "min_target": 1, "max_target": 1, "xp_reward": 0, "coin_reward": 0, "is_active": true, "code": "FEEDBACK_COUNT"}}, {"model": "missions.usermissionset", "pk": 99, "fields": {"user": ["administrator"], "is_claimed": false, "is_completed": false, "created_at": "2026-04-06T03:04:18.553Z"}}, {"model": "missions.usermission", "pk": 295, "fields": {"mission_set": 99, "template": 1, "title_generated": "Realize 1 patrulha(s) di├íria(s).", "target_value": 1, "current_progress": 0, "is_completed": false}}, {"model": "missions.usermission", "pk": 296, "fields": {"mission_set": 99, "template": 10, "title_generated": "Ven├ºa 3 Minigames em tempo recorde (Speedrun).", "target_value": 3, "current_progress": 0, "is_completed": false}}, {"model": "missions.usermission", "pk": 297, "fields": {"mission_set": 99, "template": 13, "title_generated": "Alcance 114 pontos totais em Quizzes.", "target_value": 114, "current_progress": 0, "is_completed": false}}, {"model": "missions.missionconfig", "pk": 1, "fields": {"reward_xp": 80, "reward_coins": 80}}]
